ISO-10303-21;
HEADER;
FILE_DESCRIPTION(('KiCad electronic assembly'),'2;1');
FILE_NAME('SaxollerPCB.step','2026-08-30T20:09:16',('Pcbnew'),('Kicad'),
  'Open CASCADE STEP processor 7.9','KiCad to STEP converter','Unknown'
  );
FILE_SCHEMA(('AUTOMOTIVE_DESIGN { 1 0 10303 214 1 1 1 1 }'));
ENDSEC;
DATA;
#1 = APPLICATION_PROTOCOL_DEFINITION('international standard',
  'automotive_design',2000,#2);
#2 = APPLICATION_CONTEXT(
  'core data for automotive mechanical design processes');
#3 = SHAPE_DEFINITION_REPRESENTATION(#4,#10);
#4 = PRODUCT_DEFINITION_SHAPE('','',#5);
#5 = PRODUCT_DEFINITION('design','',#6,#9);
#6 = PRODUCT_DEFINITION_FORMATION('','',#7);
#7 = PRODUCT('SaxollerPCB 1','SaxollerPCB 1','',(#8));
#8 = PRODUCT_CONTEXT('',#2,'mechanical');
#9 = PRODUCT_DEFINITION_CONTEXT('part definition',#2,'design');
#10 = SHAPE_REPRESENTATION('',(#11,#15),#19);
#11 = AXIS2_PLACEMENT_3D('',#12,#13,#14);
#12 = CARTESIAN_POINT('',(0.,0.,0.));
#13 = DIRECTION('',(0.,0.,1.));
#14 = DIRECTION('',(1.,0.,-0.));
#15 = AXIS2_PLACEMENT_3D('',#16,#17,#18);
#16 = CARTESIAN_POINT('',(0.,0.,0.));
#17 = DIRECTION('',(0.,0.,1.));
#18 = DIRECTION('',(1.,0.,-0.));
#19 = ( GEOMETRIC_REPRESENTATION_CONTEXT(3) 
GLOBAL_UNCERTAINTY_ASSIGNED_CONTEXT((#23)) GLOBAL_UNIT_ASSIGNED_CONTEXT(
(#20,#21,#22)) REPRESENTATION_CONTEXT('Context #1',
  '3D Context with UNIT and UNCERTAINTY') );
#20 = ( LENGTH_UNIT() NAMED_UNIT(*) SI_UNIT(.MILLI.,.METRE.) );
#21 = ( NAMED_UNIT(*) PLANE_ANGLE_UNIT() SI_UNIT($,.RADIAN.) );
#22 = ( NAMED_UNIT(*) SI_UNIT($,.STERADIAN.) SOLID_ANGLE_UNIT() );
#23 = UNCERTAINTY_MEASURE_WITH_UNIT(LENGTH_MEASURE(1.E-07),#20,
  'distance_accuracy_value','confusion accuracy');
#24 = PRODUCT_RELATED_PRODUCT_CATEGORY('part',$,(#7));
#25 = SHAPE_DEFINITION_REPRESENTATION(#26,#32);
#26 = PRODUCT_DEFINITION_SHAPE('','',#27);
#27 = PRODUCT_DEFINITION('design','',#28,#31);
#28 = PRODUCT_DEFINITION_FORMATION('','',#29);
#29 = PRODUCT('Saxoller_PCB','Saxoller_PCB','',(#30));
#30 = PRODUCT_CONTEXT('',#2,'mechanical');
#31 = PRODUCT_DEFINITION_CONTEXT('part definition',#2,'design');
#32 = ADVANCED_BREP_SHAPE_REPRESENTATION('',(#11,#33),#2998);
#33 = MANIFOLD_SOLID_BREP('',#34);
#34 = CLOSED_SHELL('',(#35,#75,#106,#137,#941,#1745,#1757,#1774,#1791,
    #1808,#1825,#1842,#1859,#1876,#1893,#1910,#1927,#1944,#1961,#1978,
    #1995,#2012,#2029,#2046,#2063,#2080,#2097,#2114,#2136,#2153,#2170,
    #2182,#2199,#2216,#2233,#2250,#2272,#2289,#2306,#2318,#2335,#2352,
    #2369,#2386,#2403,#2420,#2437,#2454,#2471,#2488,#2505,#2522,#2539,
    #2556,#2573,#2590,#2607,#2624,#2641,#2658,#2675,#2692,#2709,#2726,
    #2743,#2760,#2777,#2794,#2811,#2828,#2845,#2862,#2879,#2896,#2913,
    #2930,#2947,#2964,#2981));
#35 = ADVANCED_FACE('',(#36),#70,.T.);
#36 = FACE_BOUND('',#37,.T.);
#37 = EDGE_LOOP('',(#38,#48,#56,#64));
#38 = ORIENTED_EDGE('',*,*,#39,.T.);
#39 = EDGE_CURVE('',#40,#42,#44,.T.);
#40 = VERTEX_POINT('',#41);
#41 = CARTESIAN_POINT('',(204.165199,-109.015603,0.));
#42 = VERTEX_POINT('',#43);
#43 = CARTESIAN_POINT('',(204.165199,-109.015603,1.51));
#44 = LINE('',#45,#46);
#45 = CARTESIAN_POINT('',(204.165199,-109.015603,0.));
#46 = VECTOR('',#47,1.);
#47 = DIRECTION('',(0.,0.,1.));
#48 = ORIENTED_EDGE('',*,*,#49,.T.);
#49 = EDGE_CURVE('',#42,#50,#52,.T.);
#50 = VERTEX_POINT('',#51);
#51 = CARTESIAN_POINT('',(107.3912,-109.015603,1.51));
#52 = LINE('',#53,#54);
#53 = CARTESIAN_POINT('',(204.165199,-109.015603,1.51));
#54 = VECTOR('',#55,1.);
#55 = DIRECTION('',(-1.,0.,0.));
#56 = ORIENTED_EDGE('',*,*,#57,.F.);
#57 = EDGE_CURVE('',#58,#50,#60,.T.);
#58 = VERTEX_POINT('',#59);
#59 = CARTESIAN_POINT('',(107.3912,-109.015603,0.));
#60 = LINE('',#61,#62);
#61 = CARTESIAN_POINT('',(107.3912,-109.015603,0.));
#62 = VECTOR('',#63,1.);
#63 = DIRECTION('',(0.,0.,1.));
#64 = ORIENTED_EDGE('',*,*,#65,.F.);
#65 = EDGE_CURVE('',#40,#58,#66,.T.);
#66 = LINE('',#67,#68);
#67 = CARTESIAN_POINT('',(204.165199,-109.015603,0.));
#68 = VECTOR('',#69,1.);
#69 = DIRECTION('',(-1.,0.,0.));
#70 = PLANE('',#71);
#71 = AXIS2_PLACEMENT_3D('',#72,#73,#74);
#72 = CARTESIAN_POINT('',(204.165199,-109.015603,0.));
#73 = DIRECTION('',(0.,-1.,0.));
#74 = DIRECTION('',(-1.,0.,0.));
#75 = ADVANCED_FACE('',(#76),#101,.T.);
#76 = FACE_BOUND('',#77,.T.);
#77 = EDGE_LOOP('',(#78,#88,#94,#95));
#78 = ORIENTED_EDGE('',*,*,#79,.T.);
#79 = EDGE_CURVE('',#80,#82,#84,.T.);
#80 = VERTEX_POINT('',#81);
#81 = CARTESIAN_POINT('',(204.165199,-51.2572,0.));
#82 = VERTEX_POINT('',#83);
#83 = CARTESIAN_POINT('',(204.165199,-51.2572,1.51));
#84 = LINE('',#85,#86);
#85 = CARTESIAN_POINT('',(204.165199,-51.2572,0.));
#86 = VECTOR('',#87,1.);
#87 = DIRECTION('',(0.,0.,1.));
#88 = ORIENTED_EDGE('',*,*,#89,.T.);
#89 = EDGE_CURVE('',#82,#42,#90,.T.);
#90 = LINE('',#91,#92);
#91 = CARTESIAN_POINT('',(204.165199,-51.2572,1.51));
#92 = VECTOR('',#93,1.);
#93 = DIRECTION('',(0.,-1.,0.));
#94 = ORIENTED_EDGE('',*,*,#39,.F.);
#95 = ORIENTED_EDGE('',*,*,#96,.F.);
#96 = EDGE_CURVE('',#80,#40,#97,.T.);
#97 = LINE('',#98,#99);
#98 = CARTESIAN_POINT('',(204.165199,-51.2572,0.));
#99 = VECTOR('',#100,1.);
#100 = DIRECTION('',(0.,-1.,0.));
#101 = PLANE('',#102);
#102 = AXIS2_PLACEMENT_3D('',#103,#104,#105);
#103 = CARTESIAN_POINT('',(204.165199,-51.2572,0.));
#104 = DIRECTION('',(1.,0.,-0.));
#105 = DIRECTION('',(0.,-1.,0.));
#106 = ADVANCED_FACE('',(#107),#132,.T.);
#107 = FACE_BOUND('',#108,.T.);
#108 = EDGE_LOOP('',(#109,#110,#118,#126));
#109 = ORIENTED_EDGE('',*,*,#57,.T.);
#110 = ORIENTED_EDGE('',*,*,#111,.T.);
#111 = EDGE_CURVE('',#50,#112,#114,.T.);
#112 = VERTEX_POINT('',#113);
#113 = CARTESIAN_POINT('',(107.3912,-51.2572,1.51));
#114 = LINE('',#115,#116);
#115 = CARTESIAN_POINT('',(107.3912,-109.015603,1.51));
#116 = VECTOR('',#117,1.);
#117 = DIRECTION('',(0.,1.,0.));
#118 = ORIENTED_EDGE('',*,*,#119,.F.);
#119 = EDGE_CURVE('',#120,#112,#122,.T.);
#120 = VERTEX_POINT('',#121);
#121 = CARTESIAN_POINT('',(107.3912,-51.2572,0.));
#122 = LINE('',#123,#124);
#123 = CARTESIAN_POINT('',(107.3912,-51.2572,0.));
#124 = VECTOR('',#125,1.);
#125 = DIRECTION('',(0.,0.,1.));
#126 = ORIENTED_EDGE('',*,*,#127,.F.);
#127 = EDGE_CURVE('',#58,#120,#128,.T.);
#128 = LINE('',#129,#130);
#129 = CARTESIAN_POINT('',(107.3912,-109.015603,0.));
#130 = VECTOR('',#131,1.);
#131 = DIRECTION('',(0.,1.,0.));
#132 = PLANE('',#133);
#133 = AXIS2_PLACEMENT_3D('',#134,#135,#136);
#134 = CARTESIAN_POINT('',(107.3912,-109.015603,0.));
#135 = DIRECTION('',(-1.,0.,0.));
#136 = DIRECTION('',(0.,1.,0.));
#137 = ADVANCED_FACE('',(#138,#149,#160,#171,#182,#193,#204,#215,#226,
    #237,#248,#259,#270,#281,#292,#303,#314,#325,#336,#347,#358,#369,
    #380,#416,#427,#438,#449,#460,#496,#507,#518,#529,#540,#551,#562,
    #573,#584,#595,#606,#617,#628,#639,#650,#661,#672,#683,#694,#705,
    #716,#727,#738,#749,#760,#771,#782,#793,#804,#815,#826,#837,#848,
    #859,#870,#881,#892,#903,#914,#925),#936,.F.);
#138 = FACE_BOUND('',#139,.F.);
#139 = EDGE_LOOP('',(#140,#141,#142,#148));
#140 = ORIENTED_EDGE('',*,*,#65,.F.);
#141 = ORIENTED_EDGE('',*,*,#96,.F.);
#142 = ORIENTED_EDGE('',*,*,#143,.F.);
#143 = EDGE_CURVE('',#120,#80,#144,.T.);
#144 = LINE('',#145,#146);
#145 = CARTESIAN_POINT('',(107.3912,-51.2572,0.));
#146 = VECTOR('',#147,1.);
#147 = DIRECTION('',(1.,0.,0.));
#148 = ORIENTED_EDGE('',*,*,#127,.F.);
#149 = FACE_BOUND('',#150,.F.);
#150 = EDGE_LOOP('',(#151));
#151 = ORIENTED_EDGE('',*,*,#152,.T.);
#152 = EDGE_CURVE('',#153,#153,#155,.T.);
#153 = VERTEX_POINT('',#154);
#154 = CARTESIAN_POINT('',(112.1664,-100.2148,0.));
#155 = CIRCLE('',#156,0.85);
#156 = AXIS2_PLACEMENT_3D('',#157,#158,#159);
#157 = CARTESIAN_POINT('',(112.1664,-99.3648,0.));
#158 = DIRECTION('',(-0.,0.,-1.));
#159 = DIRECTION('',(-1.671865260612E-14,-1.,0.));
#160 = FACE_BOUND('',#161,.F.);
#161 = EDGE_LOOP('',(#162));
#162 = ORIENTED_EDGE('',*,*,#163,.T.);
#163 = EDGE_CURVE('',#164,#164,#166,.T.);
#164 = VERTEX_POINT('',#165);
#165 = CARTESIAN_POINT('',(113.4364,-97.5748,0.));
#166 = CIRCLE('',#167,0.75);
#167 = AXIS2_PLACEMENT_3D('',#168,#169,#170);
#168 = CARTESIAN_POINT('',(113.4364,-96.8248,0.));
#169 = DIRECTION('',(-0.,0.,-1.));
#170 = DIRECTION('',(-0.,-1.,0.));
#171 = FACE_BOUND('',#172,.F.);
#172 = EDGE_LOOP('',(#173));
#173 = ORIENTED_EDGE('',*,*,#174,.T.);
#174 = EDGE_CURVE('',#175,#175,#177,.T.);
#175 = VERTEX_POINT('',#176);
#176 = CARTESIAN_POINT('',(117.2464,-101.3648,0.));
#177 = CIRCLE('',#178,2.);
#178 = AXIS2_PLACEMENT_3D('',#179,#180,#181);
#179 = CARTESIAN_POINT('',(117.2464,-99.3648,0.));
#180 = DIRECTION('',(-0.,0.,-1.));
#181 = DIRECTION('',(-0.,-1.,0.));
#182 = FACE_BOUND('',#183,.F.);
#183 = EDGE_LOOP('',(#184));
#184 = ORIENTED_EDGE('',*,*,#185,.T.);
#185 = EDGE_CURVE('',#186,#186,#188,.T.);
#186 = VERTEX_POINT('',#187);
#187 = CARTESIAN_POINT('',(122.3264,-100.2148,0.));
#188 = CIRCLE('',#189,0.85);
#189 = AXIS2_PLACEMENT_3D('',#190,#191,#192);
#190 = CARTESIAN_POINT('',(122.3264,-99.3648,0.));
#191 = DIRECTION('',(-0.,0.,-1.));
#192 = DIRECTION('',(-0.,-1.,0.));
#193 = FACE_BOUND('',#194,.F.);
#194 = EDGE_LOOP('',(#195));
#195 = ORIENTED_EDGE('',*,*,#196,.T.);
#196 = EDGE_CURVE('',#197,#197,#199,.T.);
#197 = VERTEX_POINT('',#198);
#198 = CARTESIAN_POINT('',(119.7864,-95.0348,0.));
#199 = CIRCLE('',#200,0.75);
#200 = AXIS2_PLACEMENT_3D('',#201,#202,#203);
#201 = CARTESIAN_POINT('',(119.7864,-94.2848,0.));
#202 = DIRECTION('',(-0.,0.,-1.));
#203 = DIRECTION('',(-0.,-1.,0.));
#204 = FACE_BOUND('',#205,.F.);
#205 = EDGE_LOOP('',(#206));
#206 = ORIENTED_EDGE('',*,*,#207,.T.);
#207 = EDGE_CURVE('',#208,#208,#210,.T.);
#208 = VERTEX_POINT('',#209);
#209 = CARTESIAN_POINT('',(131.2164,-100.2148,0.));
#210 = CIRCLE('',#211,0.85);
#211 = AXIS2_PLACEMENT_3D('',#212,#213,#214);
#212 = CARTESIAN_POINT('',(131.2164,-99.3648,0.));
#213 = DIRECTION('',(-0.,0.,-1.));
#214 = DIRECTION('',(-0.,-1.,0.));
#215 = FACE_BOUND('',#216,.F.);
#216 = EDGE_LOOP('',(#217));
#217 = ORIENTED_EDGE('',*,*,#218,.T.);
#218 = EDGE_CURVE('',#219,#219,#221,.T.);
#219 = VERTEX_POINT('',#220);
#220 = CARTESIAN_POINT('',(132.4864,-97.5748,0.));
#221 = CIRCLE('',#222,0.75);
#222 = AXIS2_PLACEMENT_3D('',#223,#224,#225);
#223 = CARTESIAN_POINT('',(132.4864,-96.8248,0.));
#224 = DIRECTION('',(-0.,0.,-1.));
#225 = DIRECTION('',(-0.,-1.,0.));
#226 = FACE_BOUND('',#227,.F.);
#227 = EDGE_LOOP('',(#228));
#228 = ORIENTED_EDGE('',*,*,#229,.T.);
#229 = EDGE_CURVE('',#230,#230,#232,.T.);
#230 = VERTEX_POINT('',#231);
#231 = CARTESIAN_POINT('',(136.2964,-101.3648,0.));
#232 = CIRCLE('',#233,2.);
#233 = AXIS2_PLACEMENT_3D('',#234,#235,#236);
#234 = CARTESIAN_POINT('',(136.2964,-99.3648,0.));
#235 = DIRECTION('',(-0.,0.,-1.));
#236 = DIRECTION('',(-0.,-1.,0.));
#237 = FACE_BOUND('',#238,.F.);
#238 = EDGE_LOOP('',(#239));
#239 = ORIENTED_EDGE('',*,*,#240,.T.);
#240 = EDGE_CURVE('',#241,#241,#243,.T.);
#241 = VERTEX_POINT('',#242);
#242 = CARTESIAN_POINT('',(141.3764,-100.2148,0.));
#243 = CIRCLE('',#244,0.85);
#244 = AXIS2_PLACEMENT_3D('',#245,#246,#247);
#245 = CARTESIAN_POINT('',(141.3764,-99.3648,0.));
#246 = DIRECTION('',(-0.,0.,-1.));
#247 = DIRECTION('',(-0.,-1.,0.));
#248 = FACE_BOUND('',#249,.F.);
#249 = EDGE_LOOP('',(#250));
#250 = ORIENTED_EDGE('',*,*,#251,.T.);
#251 = EDGE_CURVE('',#252,#252,#254,.T.);
#252 = VERTEX_POINT('',#253);
#253 = CARTESIAN_POINT('',(138.8364,-95.0348,0.));
#254 = CIRCLE('',#255,0.75);
#255 = AXIS2_PLACEMENT_3D('',#256,#257,#258);
#256 = CARTESIAN_POINT('',(138.8364,-94.2848,0.));
#257 = DIRECTION('',(-0.,0.,-1.));
#258 = DIRECTION('',(-0.,-1.,0.));
#259 = FACE_BOUND('',#260,.F.);
#260 = EDGE_LOOP('',(#261));
#261 = ORIENTED_EDGE('',*,*,#262,.T.);
#262 = EDGE_CURVE('',#263,#263,#265,.T.);
#263 = VERTEX_POINT('',#264);
#264 = CARTESIAN_POINT('',(150.368,-100.2148,0.));
#265 = CIRCLE('',#266,0.85);
#266 = AXIS2_PLACEMENT_3D('',#267,#268,#269);
#267 = CARTESIAN_POINT('',(150.368,-99.3648,0.));
#268 = DIRECTION('',(-0.,0.,-1.));
#269 = DIRECTION('',(-0.,-1.,0.));
#270 = FACE_BOUND('',#271,.F.);
#271 = EDGE_LOOP('',(#272));
#272 = ORIENTED_EDGE('',*,*,#273,.T.);
#273 = EDGE_CURVE('',#274,#274,#276,.T.);
#274 = VERTEX_POINT('',#275);
#275 = CARTESIAN_POINT('',(155.448,-101.3648,0.));
#276 = CIRCLE('',#277,2.);
#277 = AXIS2_PLACEMENT_3D('',#278,#279,#280);
#278 = CARTESIAN_POINT('',(155.448,-99.3648,0.));
#279 = DIRECTION('',(-0.,0.,-1.));
#280 = DIRECTION('',(-0.,-1.,0.));
#281 = FACE_BOUND('',#282,.F.);
#282 = EDGE_LOOP('',(#283));
#283 = ORIENTED_EDGE('',*,*,#284,.T.);
#284 = EDGE_CURVE('',#285,#285,#287,.T.);
#285 = VERTEX_POINT('',#286);
#286 = CARTESIAN_POINT('',(151.638,-97.5748,0.));
#287 = CIRCLE('',#288,0.75);
#288 = AXIS2_PLACEMENT_3D('',#289,#290,#291);
#289 = CARTESIAN_POINT('',(151.638,-96.8248,0.));
#290 = DIRECTION('',(-0.,0.,-1.));
#291 = DIRECTION('',(-0.,-1.,0.));
#292 = FACE_BOUND('',#293,.F.);
#293 = EDGE_LOOP('',(#294));
#294 = ORIENTED_EDGE('',*,*,#295,.T.);
#295 = EDGE_CURVE('',#296,#296,#298,.T.);
#296 = VERTEX_POINT('',#297);
#297 = CARTESIAN_POINT('',(169.6212,-100.3164,0.));
#298 = CIRCLE('',#299,0.85);
#299 = AXIS2_PLACEMENT_3D('',#300,#301,#302);
#300 = CARTESIAN_POINT('',(169.6212,-99.4664,0.));
#301 = DIRECTION('',(-0.,0.,-1.));
#302 = DIRECTION('',(-0.,-1.,0.));
#303 = FACE_BOUND('',#304,.F.);
#304 = EDGE_LOOP('',(#305));
#305 = ORIENTED_EDGE('',*,*,#306,.T.);
#306 = EDGE_CURVE('',#307,#307,#309,.T.);
#307 = VERTEX_POINT('',#308);
#308 = CARTESIAN_POINT('',(174.7012,-101.4664,0.));
#309 = CIRCLE('',#310,2.);
#310 = AXIS2_PLACEMENT_3D('',#311,#312,#313);
#311 = CARTESIAN_POINT('',(174.7012,-99.4664,0.));
#312 = DIRECTION('',(-0.,0.,-1.));
#313 = DIRECTION('',(-0.,-1.,0.));
#314 = FACE_BOUND('',#315,.F.);
#315 = EDGE_LOOP('',(#316));
#316 = ORIENTED_EDGE('',*,*,#317,.T.);
#317 = EDGE_CURVE('',#318,#318,#320,.T.);
#318 = VERTEX_POINT('',#319);
#319 = CARTESIAN_POINT('',(160.528,-100.2148,0.));
#320 = CIRCLE('',#321,0.85);
#321 = AXIS2_PLACEMENT_3D('',#322,#323,#324);
#322 = CARTESIAN_POINT('',(160.528,-99.3648,0.));
#323 = DIRECTION('',(-0.,0.,-1.));
#324 = DIRECTION('',(-0.,-1.,0.));
#325 = FACE_BOUND('',#326,.F.);
#326 = EDGE_LOOP('',(#327));
#327 = ORIENTED_EDGE('',*,*,#328,.T.);
#328 = EDGE_CURVE('',#329,#329,#331,.T.);
#329 = VERTEX_POINT('',#330);
#330 = CARTESIAN_POINT('',(157.988,-95.0348,0.));
#331 = CIRCLE('',#332,0.75);
#332 = AXIS2_PLACEMENT_3D('',#333,#334,#335);
#333 = CARTESIAN_POINT('',(157.988,-94.2848,0.));
#334 = DIRECTION('',(-0.,0.,-1.));
#335 = DIRECTION('',(-0.,-1.,0.));
#336 = FACE_BOUND('',#337,.F.);
#337 = EDGE_LOOP('',(#338));
#338 = ORIENTED_EDGE('',*,*,#339,.T.);
#339 = EDGE_CURVE('',#340,#340,#342,.T.);
#340 = VERTEX_POINT('',#341);
#341 = CARTESIAN_POINT('',(170.8912,-97.6764,0.));
#342 = CIRCLE('',#343,0.75);
#343 = AXIS2_PLACEMENT_3D('',#344,#345,#346);
#344 = CARTESIAN_POINT('',(170.8912,-96.9264,0.));
#345 = DIRECTION('',(-0.,0.,-1.));
#346 = DIRECTION('',(-0.,-1.,0.));
#347 = FACE_BOUND('',#348,.F.);
#348 = EDGE_LOOP('',(#349));
#349 = ORIENTED_EDGE('',*,*,#350,.T.);
#350 = EDGE_CURVE('',#351,#351,#353,.T.);
#351 = VERTEX_POINT('',#352);
#352 = CARTESIAN_POINT('',(177.2412,-95.1364,0.));
#353 = CIRCLE('',#354,0.75);
#354 = AXIS2_PLACEMENT_3D('',#355,#356,#357);
#355 = CARTESIAN_POINT('',(177.2412,-94.3864,0.));
#356 = DIRECTION('',(-0.,0.,-1.));
#357 = DIRECTION('',(-0.,-1.,0.));
#358 = FACE_BOUND('',#359,.F.);
#359 = EDGE_LOOP('',(#360));
#360 = ORIENTED_EDGE('',*,*,#361,.T.);
#361 = EDGE_CURVE('',#362,#362,#364,.T.);
#362 = VERTEX_POINT('',#363);
#363 = CARTESIAN_POINT('',(179.7812,-100.3164,0.));
#364 = CIRCLE('',#365,0.85);
#365 = AXIS2_PLACEMENT_3D('',#366,#367,#368);
#366 = CARTESIAN_POINT('',(179.7812,-99.4664,0.));
#367 = DIRECTION('',(-0.,0.,-1.));
#368 = DIRECTION('',(-0.,-1.,0.));
#369 = FACE_BOUND('',#370,.F.);
#370 = EDGE_LOOP('',(#371));
#371 = ORIENTED_EDGE('',*,*,#372,.T.);
#372 = EDGE_CURVE('',#373,#373,#375,.T.);
#373 = VERTEX_POINT('',#374);
#374 = CARTESIAN_POINT('',(186.7084,-102.3768,0.));
#375 = CIRCLE('',#376,0.5);
#376 = AXIS2_PLACEMENT_3D('',#377,#378,#379);
#377 = CARTESIAN_POINT('',(186.7084,-101.8768,0.));
#378 = DIRECTION('',(-0.,0.,-1.));
#379 = DIRECTION('',(-0.,-1.,0.));
#380 = FACE_BOUND('',#381,.F.);
#381 = EDGE_LOOP('',(#382,#393,#401,#410));
#382 = ORIENTED_EDGE('',*,*,#383,.T.);
#383 = EDGE_CURVE('',#384,#386,#388,.T.);
#384 = VERTEX_POINT('',#385);
#385 = CARTESIAN_POINT('',(194.8584,-104.2268,0.));
#386 = VERTEX_POINT('',#387);
#387 = CARTESIAN_POINT('',(194.8584,-105.7268,0.));
#388 = CIRCLE('',#389,0.75);
#389 = AXIS2_PLACEMENT_3D('',#390,#391,#392);
#390 = CARTESIAN_POINT('',(194.8584,-104.9768,0.));
#391 = DIRECTION('',(-0.,0.,-1.));
#392 = DIRECTION('',(-0.,-1.,0.));
#393 = ORIENTED_EDGE('',*,*,#394,.T.);
#394 = EDGE_CURVE('',#386,#395,#397,.T.);
#395 = VERTEX_POINT('',#396);
#396 = CARTESIAN_POINT('',(193.5584,-105.7268,0.));
#397 = LINE('',#398,#399);
#398 = CARTESIAN_POINT('',(96.7792,-105.7268,0.));
#399 = VECTOR('',#400,1.);
#400 = DIRECTION('',(-1.,0.,0.));
#401 = ORIENTED_EDGE('',*,*,#402,.T.);
#402 = EDGE_CURVE('',#395,#403,#405,.T.);
#403 = VERTEX_POINT('',#404);
#404 = CARTESIAN_POINT('',(193.5584,-104.2268,0.));
#405 = CIRCLE('',#406,0.75);
#406 = AXIS2_PLACEMENT_3D('',#407,#408,#409);
#407 = CARTESIAN_POINT('',(193.5584,-104.9768,0.));
#408 = DIRECTION('',(-0.,0.,-1.));
#409 = DIRECTION('',(0.,1.,0.));
#410 = ORIENTED_EDGE('',*,*,#411,.T.);
#411 = EDGE_CURVE('',#403,#384,#412,.T.);
#412 = LINE('',#413,#414);
#413 = CARTESIAN_POINT('',(97.4292,-104.2268,0.));
#414 = VECTOR('',#415,1.);
#415 = DIRECTION('',(1.,0.,-0.));
#416 = FACE_BOUND('',#417,.F.);
#417 = EDGE_LOOP('',(#418));
#418 = ORIENTED_EDGE('',*,*,#419,.T.);
#419 = EDGE_CURVE('',#420,#420,#422,.T.);
#420 = VERTEX_POINT('',#421);
#421 = CARTESIAN_POINT('',(201.2084,-102.3768,0.));
#422 = CIRCLE('',#423,0.5);
#423 = AXIS2_PLACEMENT_3D('',#424,#425,#426);
#424 = CARTESIAN_POINT('',(201.2084,-101.8768,0.));
#425 = DIRECTION('',(-0.,0.,-1.));
#426 = DIRECTION('',(-0.,-1.,0.));
#427 = FACE_BOUND('',#428,.F.);
#428 = EDGE_LOOP('',(#429));
#429 = ORIENTED_EDGE('',*,*,#430,.T.);
#430 = EDGE_CURVE('',#431,#431,#433,.T.);
#431 = VERTEX_POINT('',#432);
#432 = CARTESIAN_POINT('',(186.7084,-99.8768,0.));
#433 = CIRCLE('',#434,0.5);
#434 = AXIS2_PLACEMENT_3D('',#435,#436,#437);
#435 = CARTESIAN_POINT('',(186.7084,-99.3768,0.));
#436 = DIRECTION('',(-0.,0.,-1.));
#437 = DIRECTION('',(-0.,-1.,0.));
#438 = FACE_BOUND('',#439,.F.);
#439 = EDGE_LOOP('',(#440));
#440 = ORIENTED_EDGE('',*,*,#441,.T.);
#441 = EDGE_CURVE('',#442,#442,#444,.T.);
#442 = VERTEX_POINT('',#443);
#443 = CARTESIAN_POINT('',(186.7084,-97.3768,0.));
#444 = CIRCLE('',#445,0.5);
#445 = AXIS2_PLACEMENT_3D('',#446,#447,#448);
#446 = CARTESIAN_POINT('',(186.7084,-96.8768,0.));
#447 = DIRECTION('',(-0.,0.,-1.));
#448 = DIRECTION('',(-0.,-1.,0.));
#449 = FACE_BOUND('',#450,.F.);
#450 = EDGE_LOOP('',(#451));
#451 = ORIENTED_EDGE('',*,*,#452,.T.);
#452 = EDGE_CURVE('',#453,#453,#455,.T.);
#453 = VERTEX_POINT('',#454);
#454 = CARTESIAN_POINT('',(201.2084,-97.3768,0.));
#455 = CIRCLE('',#456,0.5);
#456 = AXIS2_PLACEMENT_3D('',#457,#458,#459);
#457 = CARTESIAN_POINT('',(201.2084,-96.8768,0.));
#458 = DIRECTION('',(-0.,0.,-1.));
#459 = DIRECTION('',(-0.,-1.,0.));
#460 = FACE_BOUND('',#461,.F.);
#461 = EDGE_LOOP('',(#462,#473,#481,#490));
#462 = ORIENTED_EDGE('',*,*,#463,.T.);
#463 = EDGE_CURVE('',#464,#466,#468,.T.);
#464 = VERTEX_POINT('',#465);
#465 = CARTESIAN_POINT('',(194.8584,-93.0268,0.));
#466 = VERTEX_POINT('',#467);
#467 = CARTESIAN_POINT('',(194.8584,-94.5268,0.));
#468 = CIRCLE('',#469,0.75);
#469 = AXIS2_PLACEMENT_3D('',#470,#471,#472);
#470 = CARTESIAN_POINT('',(194.8584,-93.7768,0.));
#471 = DIRECTION('',(-0.,0.,-1.));
#472 = DIRECTION('',(-0.,-1.,0.));
#473 = ORIENTED_EDGE('',*,*,#474,.T.);
#474 = EDGE_CURVE('',#466,#475,#477,.T.);
#475 = VERTEX_POINT('',#476);
#476 = CARTESIAN_POINT('',(193.5584,-94.5268,0.));
#477 = LINE('',#478,#479);
#478 = CARTESIAN_POINT('',(96.7792,-94.5268,0.));
#479 = VECTOR('',#480,1.);
#480 = DIRECTION('',(-1.,0.,0.));
#481 = ORIENTED_EDGE('',*,*,#482,.T.);
#482 = EDGE_CURVE('',#475,#483,#485,.T.);
#483 = VERTEX_POINT('',#484);
#484 = CARTESIAN_POINT('',(193.5584,-93.0268,0.));
#485 = CIRCLE('',#486,0.75);
#486 = AXIS2_PLACEMENT_3D('',#487,#488,#489);
#487 = CARTESIAN_POINT('',(193.5584,-93.7768,0.));
#488 = DIRECTION('',(-0.,0.,-1.));
#489 = DIRECTION('',(0.,1.,0.));
#490 = ORIENTED_EDGE('',*,*,#491,.T.);
#491 = EDGE_CURVE('',#483,#464,#492,.T.);
#492 = LINE('',#493,#494);
#493 = CARTESIAN_POINT('',(97.4292,-93.0268,0.));
#494 = VECTOR('',#495,1.);
#495 = DIRECTION('',(1.,0.,-0.));
#496 = FACE_BOUND('',#497,.F.);
#497 = EDGE_LOOP('',(#498));
#498 = ORIENTED_EDGE('',*,*,#499,.T.);
#499 = EDGE_CURVE('',#500,#500,#502,.T.);
#500 = VERTEX_POINT('',#501);
#501 = CARTESIAN_POINT('',(112.2172,-81.114,0.));
#502 = CIRCLE('',#503,0.85);
#503 = AXIS2_PLACEMENT_3D('',#504,#505,#506);
#504 = CARTESIAN_POINT('',(112.2172,-80.264,0.));
#505 = DIRECTION('',(-0.,0.,-1.));
#506 = DIRECTION('',(1.671865260612E-14,-1.,-0.));
#507 = FACE_BOUND('',#508,.F.);
#508 = EDGE_LOOP('',(#509));
#509 = ORIENTED_EDGE('',*,*,#510,.T.);
#510 = EDGE_CURVE('',#511,#511,#513,.T.);
#511 = VERTEX_POINT('',#512);
#512 = CARTESIAN_POINT('',(113.4872,-78.474,0.));
#513 = CIRCLE('',#514,0.75);
#514 = AXIS2_PLACEMENT_3D('',#515,#516,#517);
#515 = CARTESIAN_POINT('',(113.4872,-77.724,0.));
#516 = DIRECTION('',(-0.,0.,-1.));
#517 = DIRECTION('',(-0.,-1.,0.));
#518 = FACE_BOUND('',#519,.F.);
#519 = EDGE_LOOP('',(#520));
#520 = ORIENTED_EDGE('',*,*,#521,.T.);
#521 = EDGE_CURVE('',#522,#522,#524,.T.);
#522 = VERTEX_POINT('',#523);
#523 = CARTESIAN_POINT('',(117.2972,-82.264,0.));
#524 = CIRCLE('',#525,2.);
#525 = AXIS2_PLACEMENT_3D('',#526,#527,#528);
#526 = CARTESIAN_POINT('',(117.2972,-80.264,0.));
#527 = DIRECTION('',(-0.,0.,-1.));
#528 = DIRECTION('',(-0.,-1.,0.));
#529 = FACE_BOUND('',#530,.F.);
#530 = EDGE_LOOP('',(#531));
#531 = ORIENTED_EDGE('',*,*,#532,.T.);
#532 = EDGE_CURVE('',#533,#533,#535,.T.);
#533 = VERTEX_POINT('',#534);
#534 = CARTESIAN_POINT('',(122.3772,-81.114,0.));
#535 = CIRCLE('',#536,0.85);
#536 = AXIS2_PLACEMENT_3D('',#537,#538,#539);
#537 = CARTESIAN_POINT('',(122.3772,-80.264,0.));
#538 = DIRECTION('',(-0.,0.,-1.));
#539 = DIRECTION('',(1.671865260612E-14,-1.,-0.));
#540 = FACE_BOUND('',#541,.F.);
#541 = EDGE_LOOP('',(#542));
#542 = ORIENTED_EDGE('',*,*,#543,.T.);
#543 = EDGE_CURVE('',#544,#544,#546,.T.);
#544 = VERTEX_POINT('',#545);
#545 = CARTESIAN_POINT('',(119.8372,-75.934,0.));
#546 = CIRCLE('',#547,0.75);
#547 = AXIS2_PLACEMENT_3D('',#548,#549,#550);
#548 = CARTESIAN_POINT('',(119.8372,-75.184,0.));
#549 = DIRECTION('',(-0.,0.,-1.));
#550 = DIRECTION('',(-0.,-1.,0.));
#551 = FACE_BOUND('',#552,.F.);
#552 = EDGE_LOOP('',(#553));
#553 = ORIENTED_EDGE('',*,*,#554,.T.);
#554 = EDGE_CURVE('',#555,#555,#557,.T.);
#555 = VERTEX_POINT('',#556);
#556 = CARTESIAN_POINT('',(131.355,-81.151,0.));
#557 = CIRCLE('',#558,0.85);
#558 = AXIS2_PLACEMENT_3D('',#559,#560,#561);
#559 = CARTESIAN_POINT('',(131.355,-80.301,0.));
#560 = DIRECTION('',(-0.,0.,-1.));
#561 = DIRECTION('',(-3.343730521224E-14,-1.,0.));
#562 = FACE_BOUND('',#563,.F.);
#563 = EDGE_LOOP('',(#564));
#564 = ORIENTED_EDGE('',*,*,#565,.T.);
#565 = EDGE_CURVE('',#566,#566,#568,.T.);
#566 = VERTEX_POINT('',#567);
#567 = CARTESIAN_POINT('',(132.625,-78.511,0.));
#568 = CIRCLE('',#569,0.75);
#569 = AXIS2_PLACEMENT_3D('',#570,#571,#572);
#570 = CARTESIAN_POINT('',(132.625,-77.761,0.));
#571 = DIRECTION('',(-0.,0.,-1.));
#572 = DIRECTION('',(-0.,-1.,0.));
#573 = FACE_BOUND('',#574,.F.);
#574 = EDGE_LOOP('',(#575));
#575 = ORIENTED_EDGE('',*,*,#576,.T.);
#576 = EDGE_CURVE('',#577,#577,#579,.T.);
#577 = VERTEX_POINT('',#578);
#578 = CARTESIAN_POINT('',(136.435,-82.301,0.));
#579 = CIRCLE('',#580,2.);
#580 = AXIS2_PLACEMENT_3D('',#581,#582,#583);
#581 = CARTESIAN_POINT('',(136.435,-80.301,0.));
#582 = DIRECTION('',(-0.,0.,-1.));
#583 = DIRECTION('',(-0.,-1.,0.));
#584 = FACE_BOUND('',#585,.F.);
#585 = EDGE_LOOP('',(#586));
#586 = ORIENTED_EDGE('',*,*,#587,.T.);
#587 = EDGE_CURVE('',#588,#588,#590,.T.);
#588 = VERTEX_POINT('',#589);
#589 = CARTESIAN_POINT('',(141.515,-81.151,0.));
#590 = CIRCLE('',#591,0.85);
#591 = AXIS2_PLACEMENT_3D('',#592,#593,#594);
#592 = CARTESIAN_POINT('',(141.515,-80.301,0.));
#593 = DIRECTION('',(-0.,0.,-1.));
#594 = DIRECTION('',(-0.,-1.,0.));
#595 = FACE_BOUND('',#596,.F.);
#596 = EDGE_LOOP('',(#597));
#597 = ORIENTED_EDGE('',*,*,#598,.T.);
#598 = EDGE_CURVE('',#599,#599,#601,.T.);
#599 = VERTEX_POINT('',#600);
#600 = CARTESIAN_POINT('',(138.975,-75.971,0.));
#601 = CIRCLE('',#602,0.75);
#602 = AXIS2_PLACEMENT_3D('',#603,#604,#605);
#603 = CARTESIAN_POINT('',(138.975,-75.221,0.));
#604 = DIRECTION('',(-0.,0.,-1.));
#605 = DIRECTION('',(-0.,-1.,0.));
#606 = FACE_BOUND('',#607,.F.);
#607 = EDGE_LOOP('',(#608));
#608 = ORIENTED_EDGE('',*,*,#609,.T.);
#609 = EDGE_CURVE('',#610,#610,#612,.T.);
#610 = VERTEX_POINT('',#611);
#611 = CARTESIAN_POINT('',(150.368,-81.1648,0.));
#612 = CIRCLE('',#613,0.85);
#613 = AXIS2_PLACEMENT_3D('',#614,#615,#616);
#614 = CARTESIAN_POINT('',(150.368,-80.3148,0.));
#615 = DIRECTION('',(-0.,0.,-1.));
#616 = DIRECTION('',(-0.,-1.,0.));
#617 = FACE_BOUND('',#618,.F.);
#618 = EDGE_LOOP('',(#619));
#619 = ORIENTED_EDGE('',*,*,#620,.T.);
#620 = EDGE_CURVE('',#621,#621,#623,.T.);
#621 = VERTEX_POINT('',#622);
#622 = CARTESIAN_POINT('',(155.448,-82.3148,0.));
#623 = CIRCLE('',#624,2.);
#624 = AXIS2_PLACEMENT_3D('',#625,#626,#627);
#625 = CARTESIAN_POINT('',(155.448,-80.3148,0.));
#626 = DIRECTION('',(-0.,0.,-1.));
#627 = DIRECTION('',(-0.,-1.,0.));
#628 = FACE_BOUND('',#629,.F.);
#629 = EDGE_LOOP('',(#630));
#630 = ORIENTED_EDGE('',*,*,#631,.T.);
#631 = EDGE_CURVE('',#632,#632,#634,.T.);
#632 = VERTEX_POINT('',#633);
#633 = CARTESIAN_POINT('',(151.638,-78.5248,0.));
#634 = CIRCLE('',#635,0.75);
#635 = AXIS2_PLACEMENT_3D('',#636,#637,#638);
#636 = CARTESIAN_POINT('',(151.638,-77.7748,0.));
#637 = DIRECTION('',(-0.,0.,-1.));
#638 = DIRECTION('',(-0.,-1.,0.));
#639 = FACE_BOUND('',#640,.F.);
#640 = EDGE_LOOP('',(#641));
#641 = ORIENTED_EDGE('',*,*,#642,.T.);
#642 = EDGE_CURVE('',#643,#643,#645,.T.);
#643 = VERTEX_POINT('',#644);
#644 = CARTESIAN_POINT('',(112.1664,-62.064,0.));
#645 = CIRCLE('',#646,0.85);
#646 = AXIS2_PLACEMENT_3D('',#647,#648,#649);
#647 = CARTESIAN_POINT('',(112.1664,-61.214,0.));
#648 = DIRECTION('',(-0.,0.,-1.));
#649 = DIRECTION('',(-1.671865260612E-14,-1.,0.));
#650 = FACE_BOUND('',#651,.F.);
#651 = EDGE_LOOP('',(#652));
#652 = ORIENTED_EDGE('',*,*,#653,.T.);
#653 = EDGE_CURVE('',#654,#654,#656,.T.);
#654 = VERTEX_POINT('',#655);
#655 = CARTESIAN_POINT('',(113.4364,-59.424,0.));
#656 = CIRCLE('',#657,0.75);
#657 = AXIS2_PLACEMENT_3D('',#658,#659,#660);
#658 = CARTESIAN_POINT('',(113.4364,-58.674,0.));
#659 = DIRECTION('',(-0.,0.,-1.));
#660 = DIRECTION('',(-0.,-1.,0.));
#661 = FACE_BOUND('',#662,.F.);
#662 = EDGE_LOOP('',(#663));
#663 = ORIENTED_EDGE('',*,*,#664,.T.);
#664 = EDGE_CURVE('',#665,#665,#667,.T.);
#665 = VERTEX_POINT('',#666);
#666 = CARTESIAN_POINT('',(117.2464,-63.214,0.));
#667 = CIRCLE('',#668,2.);
#668 = AXIS2_PLACEMENT_3D('',#669,#670,#671);
#669 = CARTESIAN_POINT('',(117.2464,-61.214,0.));
#670 = DIRECTION('',(-0.,0.,-1.));
#671 = DIRECTION('',(-0.,-1.,0.));
#672 = FACE_BOUND('',#673,.F.);
#673 = EDGE_LOOP('',(#674));
#674 = ORIENTED_EDGE('',*,*,#675,.T.);
#675 = EDGE_CURVE('',#676,#676,#678,.T.);
#676 = VERTEX_POINT('',#677);
#677 = CARTESIAN_POINT('',(122.3264,-62.064,0.));
#678 = CIRCLE('',#679,0.85);
#679 = AXIS2_PLACEMENT_3D('',#680,#681,#682);
#680 = CARTESIAN_POINT('',(122.3264,-61.214,0.));
#681 = DIRECTION('',(-0.,0.,-1.));
#682 = DIRECTION('',(-0.,-1.,0.));
#683 = FACE_BOUND('',#684,.F.);
#684 = EDGE_LOOP('',(#685));
#685 = ORIENTED_EDGE('',*,*,#686,.T.);
#686 = EDGE_CURVE('',#687,#687,#689,.T.);
#687 = VERTEX_POINT('',#688);
#688 = CARTESIAN_POINT('',(119.7864,-56.884,0.));
#689 = CIRCLE('',#690,0.75);
#690 = AXIS2_PLACEMENT_3D('',#691,#692,#693);
#691 = CARTESIAN_POINT('',(119.7864,-56.134,0.));
#692 = DIRECTION('',(-0.,0.,-1.));
#693 = DIRECTION('',(-0.,-1.,0.));
#694 = FACE_BOUND('',#695,.F.);
#695 = EDGE_LOOP('',(#696));
#696 = ORIENTED_EDGE('',*,*,#697,.T.);
#697 = EDGE_CURVE('',#698,#698,#700,.T.);
#698 = VERTEX_POINT('',#699);
#699 = CARTESIAN_POINT('',(131.2624,-62.064,0.));
#700 = CIRCLE('',#701,0.85);
#701 = AXIS2_PLACEMENT_3D('',#702,#703,#704);
#702 = CARTESIAN_POINT('',(131.2624,-61.214,0.));
#703 = DIRECTION('',(-0.,0.,-1.));
#704 = DIRECTION('',(-0.,-1.,0.));
#705 = FACE_BOUND('',#706,.F.);
#706 = EDGE_LOOP('',(#707));
#707 = ORIENTED_EDGE('',*,*,#708,.T.);
#708 = EDGE_CURVE('',#709,#709,#711,.T.);
#709 = VERTEX_POINT('',#710);
#710 = CARTESIAN_POINT('',(132.5324,-59.424,0.));
#711 = CIRCLE('',#712,0.75);
#712 = AXIS2_PLACEMENT_3D('',#713,#714,#715);
#713 = CARTESIAN_POINT('',(132.5324,-58.674,0.));
#714 = DIRECTION('',(-0.,0.,-1.));
#715 = DIRECTION('',(-0.,-1.,0.));
#716 = FACE_BOUND('',#717,.F.);
#717 = EDGE_LOOP('',(#718));
#718 = ORIENTED_EDGE('',*,*,#719,.T.);
#719 = EDGE_CURVE('',#720,#720,#722,.T.);
#720 = VERTEX_POINT('',#721);
#721 = CARTESIAN_POINT('',(136.3424,-63.214,0.));
#722 = CIRCLE('',#723,2.);
#723 = AXIS2_PLACEMENT_3D('',#724,#725,#726);
#724 = CARTESIAN_POINT('',(136.3424,-61.214,0.));
#725 = DIRECTION('',(-0.,0.,-1.));
#726 = DIRECTION('',(-0.,-1.,0.));
#727 = FACE_BOUND('',#728,.F.);
#728 = EDGE_LOOP('',(#729));
#729 = ORIENTED_EDGE('',*,*,#730,.T.);
#730 = EDGE_CURVE('',#731,#731,#733,.T.);
#731 = VERTEX_POINT('',#732);
#732 = CARTESIAN_POINT('',(141.4224,-62.064,0.));
#733 = CIRCLE('',#734,0.85);
#734 = AXIS2_PLACEMENT_3D('',#735,#736,#737);
#735 = CARTESIAN_POINT('',(141.4224,-61.214,0.));
#736 = DIRECTION('',(-0.,0.,-1.));
#737 = DIRECTION('',(3.343730521224E-14,-1.,-0.));
#738 = FACE_BOUND('',#739,.F.);
#739 = EDGE_LOOP('',(#740));
#740 = ORIENTED_EDGE('',*,*,#741,.T.);
#741 = EDGE_CURVE('',#742,#742,#744,.T.);
#742 = VERTEX_POINT('',#743);
#743 = CARTESIAN_POINT('',(138.8824,-56.884,0.));
#744 = CIRCLE('',#745,0.75);
#745 = AXIS2_PLACEMENT_3D('',#746,#747,#748);
#746 = CARTESIAN_POINT('',(138.8824,-56.134,0.));
#747 = DIRECTION('',(-0.,0.,-1.));
#748 = DIRECTION('',(-0.,-1.,0.));
#749 = FACE_BOUND('',#750,.F.);
#750 = EDGE_LOOP('',(#751));
#751 = ORIENTED_EDGE('',*,*,#752,.T.);
#752 = EDGE_CURVE('',#753,#753,#755,.T.);
#753 = VERTEX_POINT('',#754);
#754 = CARTESIAN_POINT('',(150.3172,-62.0132,0.));
#755 = CIRCLE('',#756,0.85);
#756 = AXIS2_PLACEMENT_3D('',#757,#758,#759);
#757 = CARTESIAN_POINT('',(150.3172,-61.1632,0.));
#758 = DIRECTION('',(-0.,0.,-1.));
#759 = DIRECTION('',(-0.,-1.,0.));
#760 = FACE_BOUND('',#761,.F.);
#761 = EDGE_LOOP('',(#762));
#762 = ORIENTED_EDGE('',*,*,#763,.T.);
#763 = EDGE_CURVE('',#764,#764,#766,.T.);
#764 = VERTEX_POINT('',#765);
#765 = CARTESIAN_POINT('',(155.3972,-63.1632,0.));
#766 = CIRCLE('',#767,2.);
#767 = AXIS2_PLACEMENT_3D('',#768,#769,#770);
#768 = CARTESIAN_POINT('',(155.3972,-61.1632,0.));
#769 = DIRECTION('',(-0.,0.,-1.));
#770 = DIRECTION('',(-0.,-1.,0.));
#771 = FACE_BOUND('',#772,.F.);
#772 = EDGE_LOOP('',(#773));
#773 = ORIENTED_EDGE('',*,*,#774,.T.);
#774 = EDGE_CURVE('',#775,#775,#777,.T.);
#775 = VERTEX_POINT('',#776);
#776 = CARTESIAN_POINT('',(151.5872,-59.3732,0.));
#777 = CIRCLE('',#778,0.75);
#778 = AXIS2_PLACEMENT_3D('',#779,#780,#781);
#779 = CARTESIAN_POINT('',(151.5872,-58.6232,0.));
#780 = DIRECTION('',(-0.,0.,-1.));
#781 = DIRECTION('',(-0.,-1.,0.));
#782 = FACE_BOUND('',#783,.F.);
#783 = EDGE_LOOP('',(#784));
#784 = ORIENTED_EDGE('',*,*,#785,.T.);
#785 = EDGE_CURVE('',#786,#786,#788,.T.);
#786 = VERTEX_POINT('',#787);
#787 = CARTESIAN_POINT('',(160.528,-81.1648,0.));
#788 = CIRCLE('',#789,0.85);
#789 = AXIS2_PLACEMENT_3D('',#790,#791,#792);
#790 = CARTESIAN_POINT('',(160.528,-80.3148,0.));
#791 = DIRECTION('',(-0.,0.,-1.));
#792 = DIRECTION('',(-0.,-1.,0.));
#793 = FACE_BOUND('',#794,.F.);
#794 = EDGE_LOOP('',(#795));
#795 = ORIENTED_EDGE('',*,*,#796,.T.);
#796 = EDGE_CURVE('',#797,#797,#799,.T.);
#797 = VERTEX_POINT('',#798);
#798 = CARTESIAN_POINT('',(157.988,-75.9848,0.));
#799 = CIRCLE('',#800,0.75);
#800 = AXIS2_PLACEMENT_3D('',#801,#802,#803);
#801 = CARTESIAN_POINT('',(157.988,-75.2348,0.));
#802 = DIRECTION('',(-0.,0.,-1.));
#803 = DIRECTION('',(-0.,-1.,0.));
#804 = FACE_BOUND('',#805,.F.);
#805 = EDGE_LOOP('',(#806));
#806 = ORIENTED_EDGE('',*,*,#807,.T.);
#807 = EDGE_CURVE('',#808,#808,#810,.T.);
#808 = VERTEX_POINT('',#809);
#809 = CARTESIAN_POINT('',(169.5704,-81.114,0.));
#810 = CIRCLE('',#811,0.85);
#811 = AXIS2_PLACEMENT_3D('',#812,#813,#814);
#812 = CARTESIAN_POINT('',(169.5704,-80.264,0.));
#813 = DIRECTION('',(-0.,0.,-1.));
#814 = DIRECTION('',(-0.,-1.,0.));
#815 = FACE_BOUND('',#816,.F.);
#816 = EDGE_LOOP('',(#817));
#817 = ORIENTED_EDGE('',*,*,#818,.T.);
#818 = EDGE_CURVE('',#819,#819,#821,.T.);
#819 = VERTEX_POINT('',#820);
#820 = CARTESIAN_POINT('',(170.8404,-78.474,0.));
#821 = CIRCLE('',#822,0.75);
#822 = AXIS2_PLACEMENT_3D('',#823,#824,#825);
#823 = CARTESIAN_POINT('',(170.8404,-77.724,0.));
#824 = DIRECTION('',(-0.,0.,-1.));
#825 = DIRECTION('',(-0.,-1.,0.));
#826 = FACE_BOUND('',#827,.F.);
#827 = EDGE_LOOP('',(#828));
#828 = ORIENTED_EDGE('',*,*,#829,.T.);
#829 = EDGE_CURVE('',#830,#830,#832,.T.);
#830 = VERTEX_POINT('',#831);
#831 = CARTESIAN_POINT('',(174.6504,-82.264,0.));
#832 = CIRCLE('',#833,2.);
#833 = AXIS2_PLACEMENT_3D('',#834,#835,#836);
#834 = CARTESIAN_POINT('',(174.6504,-80.264,0.));
#835 = DIRECTION('',(-0.,0.,-1.));
#836 = DIRECTION('',(-0.,-1.,0.));
#837 = FACE_BOUND('',#838,.F.);
#838 = EDGE_LOOP('',(#839));
#839 = ORIENTED_EDGE('',*,*,#840,.T.);
#840 = EDGE_CURVE('',#841,#841,#843,.T.);
#841 = VERTEX_POINT('',#842);
#842 = CARTESIAN_POINT('',(177.1904,-75.934,0.));
#843 = CIRCLE('',#844,0.75);
#844 = AXIS2_PLACEMENT_3D('',#845,#846,#847);
#845 = CARTESIAN_POINT('',(177.1904,-75.184,0.));
#846 = DIRECTION('',(-0.,0.,-1.));
#847 = DIRECTION('',(-0.,-1.,0.));
#848 = FACE_BOUND('',#849,.F.);
#849 = EDGE_LOOP('',(#850));
#850 = ORIENTED_EDGE('',*,*,#851,.T.);
#851 = EDGE_CURVE('',#852,#852,#854,.T.);
#852 = VERTEX_POINT('',#853);
#853 = CARTESIAN_POINT('',(179.7304,-81.114,0.));
#854 = CIRCLE('',#855,0.85);
#855 = AXIS2_PLACEMENT_3D('',#856,#857,#858);
#856 = CARTESIAN_POINT('',(179.7304,-80.264,0.));
#857 = DIRECTION('',(-0.,0.,-1.));
#858 = DIRECTION('',(-0.,-1.,0.));
#859 = FACE_BOUND('',#860,.F.);
#860 = EDGE_LOOP('',(#861));
#861 = ORIENTED_EDGE('',*,*,#862,.T.);
#862 = EDGE_CURVE('',#863,#863,#865,.T.);
#863 = VERTEX_POINT('',#864);
#864 = CARTESIAN_POINT('',(160.4772,-62.0132,0.));
#865 = CIRCLE('',#866,0.85);
#866 = AXIS2_PLACEMENT_3D('',#867,#868,#869);
#867 = CARTESIAN_POINT('',(160.4772,-61.1632,0.));
#868 = DIRECTION('',(-0.,0.,-1.));
#869 = DIRECTION('',(3.343730521224E-14,-1.,-0.));
#870 = FACE_BOUND('',#871,.F.);
#871 = EDGE_LOOP('',(#872));
#872 = ORIENTED_EDGE('',*,*,#873,.T.);
#873 = EDGE_CURVE('',#874,#874,#876,.T.);
#874 = VERTEX_POINT('',#875);
#875 = CARTESIAN_POINT('',(157.9372,-56.8332,0.));
#876 = CIRCLE('',#877,0.75);
#877 = AXIS2_PLACEMENT_3D('',#878,#879,#880);
#878 = CARTESIAN_POINT('',(157.9372,-56.0832,0.));
#879 = DIRECTION('',(-0.,0.,-1.));
#880 = DIRECTION('',(-0.,-1.,0.));
#881 = FACE_BOUND('',#882,.F.);
#882 = EDGE_LOOP('',(#883));
#883 = ORIENTED_EDGE('',*,*,#884,.T.);
#884 = EDGE_CURVE('',#885,#885,#887,.T.);
#885 = VERTEX_POINT('',#886);
#886 = CARTESIAN_POINT('',(169.418,-62.0132,0.));
#887 = CIRCLE('',#888,0.85);
#888 = AXIS2_PLACEMENT_3D('',#889,#890,#891);
#889 = CARTESIAN_POINT('',(169.418,-61.1632,0.));
#890 = DIRECTION('',(-0.,0.,-1.));
#891 = DIRECTION('',(-0.,-1.,0.));
#892 = FACE_BOUND('',#893,.F.);
#893 = EDGE_LOOP('',(#894));
#894 = ORIENTED_EDGE('',*,*,#895,.T.);
#895 = EDGE_CURVE('',#896,#896,#898,.T.);
#896 = VERTEX_POINT('',#897);
#897 = CARTESIAN_POINT('',(170.688,-59.3732,0.));
#898 = CIRCLE('',#899,0.75);
#899 = AXIS2_PLACEMENT_3D('',#900,#901,#902);
#900 = CARTESIAN_POINT('',(170.688,-58.6232,0.));
#901 = DIRECTION('',(-0.,0.,-1.));
#902 = DIRECTION('',(-0.,-1.,0.));
#903 = FACE_BOUND('',#904,.F.);
#904 = EDGE_LOOP('',(#905));
#905 = ORIENTED_EDGE('',*,*,#906,.T.);
#906 = EDGE_CURVE('',#907,#907,#909,.T.);
#907 = VERTEX_POINT('',#908);
#908 = CARTESIAN_POINT('',(174.498,-63.1632,0.));
#909 = CIRCLE('',#910,2.);
#910 = AXIS2_PLACEMENT_3D('',#911,#912,#913);
#911 = CARTESIAN_POINT('',(174.498,-61.1632,0.));
#912 = DIRECTION('',(-0.,0.,-1.));
#913 = DIRECTION('',(-0.,-1.,0.));
#914 = FACE_BOUND('',#915,.F.);
#915 = EDGE_LOOP('',(#916));
#916 = ORIENTED_EDGE('',*,*,#917,.T.);
#917 = EDGE_CURVE('',#918,#918,#920,.T.);
#918 = VERTEX_POINT('',#919);
#919 = CARTESIAN_POINT('',(177.038,-56.8332,0.));
#920 = CIRCLE('',#921,0.75);
#921 = AXIS2_PLACEMENT_3D('',#922,#923,#924);
#922 = CARTESIAN_POINT('',(177.038,-56.0832,0.));
#923 = DIRECTION('',(-0.,0.,-1.));
#924 = DIRECTION('',(-0.,-1.,0.));
#925 = FACE_BOUND('',#926,.F.);
#926 = EDGE_LOOP('',(#927));
#927 = ORIENTED_EDGE('',*,*,#928,.T.);
#928 = EDGE_CURVE('',#929,#929,#931,.T.);
#929 = VERTEX_POINT('',#930);
#930 = CARTESIAN_POINT('',(179.578,-62.0132,0.));
#931 = CIRCLE('',#932,0.85);
#932 = AXIS2_PLACEMENT_3D('',#933,#934,#935);
#933 = CARTESIAN_POINT('',(179.578,-61.1632,0.));
#934 = DIRECTION('',(-0.,0.,-1.));
#935 = DIRECTION('',(-0.,-1.,0.));
#936 = PLANE('',#937);
#937 = AXIS2_PLACEMENT_3D('',#938,#939,#940);
#938 = CARTESIAN_POINT('',(0.,0.,0.));
#939 = DIRECTION('',(0.,0.,1.));
#940 = DIRECTION('',(1.,0.,-0.));
#941 = ADVANCED_FACE('',(#942,#953,#964,#975,#986,#997,#1008,#1019,#1030
    ,#1041,#1052,#1063,#1074,#1085,#1096,#1107,#1118,#1129,#1140,#1151,
    #1162,#1173,#1184,#1220,#1231,#1242,#1253,#1264,#1300,#1311,#1322,
    #1333,#1344,#1355,#1366,#1377,#1388,#1399,#1410,#1421,#1432,#1443,
    #1454,#1465,#1476,#1487,#1498,#1509,#1520,#1531,#1542,#1553,#1564,
    #1575,#1586,#1597,#1608,#1619,#1630,#1641,#1652,#1663,#1674,#1685,
    #1696,#1707,#1718,#1729),#1740,.T.);
#942 = FACE_BOUND('',#943,.T.);
#943 = EDGE_LOOP('',(#944,#945,#946,#952));
#944 = ORIENTED_EDGE('',*,*,#49,.F.);
#945 = ORIENTED_EDGE('',*,*,#89,.F.);
#946 = ORIENTED_EDGE('',*,*,#947,.F.);
#947 = EDGE_CURVE('',#112,#82,#948,.T.);
#948 = LINE('',#949,#950);
#949 = CARTESIAN_POINT('',(107.3912,-51.2572,1.51));
#950 = VECTOR('',#951,1.);
#951 = DIRECTION('',(1.,0.,0.));
#952 = ORIENTED_EDGE('',*,*,#111,.F.);
#953 = FACE_BOUND('',#954,.T.);
#954 = EDGE_LOOP('',(#955));
#955 = ORIENTED_EDGE('',*,*,#956,.T.);
#956 = EDGE_CURVE('',#957,#957,#959,.T.);
#957 = VERTEX_POINT('',#958);
#958 = CARTESIAN_POINT('',(112.1664,-100.2148,1.51));
#959 = CIRCLE('',#960,0.85);
#960 = AXIS2_PLACEMENT_3D('',#961,#962,#963);
#961 = CARTESIAN_POINT('',(112.1664,-99.3648,1.51));
#962 = DIRECTION('',(-0.,0.,-1.));
#963 = DIRECTION('',(-1.671865260612E-14,-1.,0.));
#964 = FACE_BOUND('',#965,.T.);
#965 = EDGE_LOOP('',(#966));
#966 = ORIENTED_EDGE('',*,*,#967,.T.);
#967 = EDGE_CURVE('',#968,#968,#970,.T.);
#968 = VERTEX_POINT('',#969);
#969 = CARTESIAN_POINT('',(113.4364,-97.5748,1.51));
#970 = CIRCLE('',#971,0.75);
#971 = AXIS2_PLACEMENT_3D('',#972,#973,#974);
#972 = CARTESIAN_POINT('',(113.4364,-96.8248,1.51));
#973 = DIRECTION('',(-0.,0.,-1.));
#974 = DIRECTION('',(-0.,-1.,0.));
#975 = FACE_BOUND('',#976,.T.);
#976 = EDGE_LOOP('',(#977));
#977 = ORIENTED_EDGE('',*,*,#978,.T.);
#978 = EDGE_CURVE('',#979,#979,#981,.T.);
#979 = VERTEX_POINT('',#980);
#980 = CARTESIAN_POINT('',(117.2464,-101.3648,1.51));
#981 = CIRCLE('',#982,2.);
#982 = AXIS2_PLACEMENT_3D('',#983,#984,#985);
#983 = CARTESIAN_POINT('',(117.2464,-99.3648,1.51));
#984 = DIRECTION('',(-0.,0.,-1.));
#985 = DIRECTION('',(-0.,-1.,0.));
#986 = FACE_BOUND('',#987,.T.);
#987 = EDGE_LOOP('',(#988));
#988 = ORIENTED_EDGE('',*,*,#989,.T.);
#989 = EDGE_CURVE('',#990,#990,#992,.T.);
#990 = VERTEX_POINT('',#991);
#991 = CARTESIAN_POINT('',(122.3264,-100.2148,1.51));
#992 = CIRCLE('',#993,0.85);
#993 = AXIS2_PLACEMENT_3D('',#994,#995,#996);
#994 = CARTESIAN_POINT('',(122.3264,-99.3648,1.51));
#995 = DIRECTION('',(-0.,0.,-1.));
#996 = DIRECTION('',(-0.,-1.,0.));
#997 = FACE_BOUND('',#998,.T.);
#998 = EDGE_LOOP('',(#999));
#999 = ORIENTED_EDGE('',*,*,#1000,.T.);
#1000 = EDGE_CURVE('',#1001,#1001,#1003,.T.);
#1001 = VERTEX_POINT('',#1002);
#1002 = CARTESIAN_POINT('',(119.7864,-95.0348,1.51));
#1003 = CIRCLE('',#1004,0.75);
#1004 = AXIS2_PLACEMENT_3D('',#1005,#1006,#1007);
#1005 = CARTESIAN_POINT('',(119.7864,-94.2848,1.51));
#1006 = DIRECTION('',(-0.,0.,-1.));
#1007 = DIRECTION('',(-0.,-1.,0.));
#1008 = FACE_BOUND('',#1009,.T.);
#1009 = EDGE_LOOP('',(#1010));
#1010 = ORIENTED_EDGE('',*,*,#1011,.T.);
#1011 = EDGE_CURVE('',#1012,#1012,#1014,.T.);
#1012 = VERTEX_POINT('',#1013);
#1013 = CARTESIAN_POINT('',(131.2164,-100.2148,1.51));
#1014 = CIRCLE('',#1015,0.85);
#1015 = AXIS2_PLACEMENT_3D('',#1016,#1017,#1018);
#1016 = CARTESIAN_POINT('',(131.2164,-99.3648,1.51));
#1017 = DIRECTION('',(-0.,0.,-1.));
#1018 = DIRECTION('',(-0.,-1.,0.));
#1019 = FACE_BOUND('',#1020,.T.);
#1020 = EDGE_LOOP('',(#1021));
#1021 = ORIENTED_EDGE('',*,*,#1022,.T.);
#1022 = EDGE_CURVE('',#1023,#1023,#1025,.T.);
#1023 = VERTEX_POINT('',#1024);
#1024 = CARTESIAN_POINT('',(132.4864,-97.5748,1.51));
#1025 = CIRCLE('',#1026,0.75);
#1026 = AXIS2_PLACEMENT_3D('',#1027,#1028,#1029);
#1027 = CARTESIAN_POINT('',(132.4864,-96.8248,1.51));
#1028 = DIRECTION('',(-0.,0.,-1.));
#1029 = DIRECTION('',(-0.,-1.,0.));
#1030 = FACE_BOUND('',#1031,.T.);
#1031 = EDGE_LOOP('',(#1032));
#1032 = ORIENTED_EDGE('',*,*,#1033,.T.);
#1033 = EDGE_CURVE('',#1034,#1034,#1036,.T.);
#1034 = VERTEX_POINT('',#1035);
#1035 = CARTESIAN_POINT('',(136.2964,-101.3648,1.51));
#1036 = CIRCLE('',#1037,2.);
#1037 = AXIS2_PLACEMENT_3D('',#1038,#1039,#1040);
#1038 = CARTESIAN_POINT('',(136.2964,-99.3648,1.51));
#1039 = DIRECTION('',(-0.,0.,-1.));
#1040 = DIRECTION('',(-0.,-1.,0.));
#1041 = FACE_BOUND('',#1042,.T.);
#1042 = EDGE_LOOP('',(#1043));
#1043 = ORIENTED_EDGE('',*,*,#1044,.T.);
#1044 = EDGE_CURVE('',#1045,#1045,#1047,.T.);
#1045 = VERTEX_POINT('',#1046);
#1046 = CARTESIAN_POINT('',(141.3764,-100.2148,1.51));
#1047 = CIRCLE('',#1048,0.85);
#1048 = AXIS2_PLACEMENT_3D('',#1049,#1050,#1051);
#1049 = CARTESIAN_POINT('',(141.3764,-99.3648,1.51));
#1050 = DIRECTION('',(-0.,0.,-1.));
#1051 = DIRECTION('',(-0.,-1.,0.));
#1052 = FACE_BOUND('',#1053,.T.);
#1053 = EDGE_LOOP('',(#1054));
#1054 = ORIENTED_EDGE('',*,*,#1055,.T.);
#1055 = EDGE_CURVE('',#1056,#1056,#1058,.T.);
#1056 = VERTEX_POINT('',#1057);
#1057 = CARTESIAN_POINT('',(138.8364,-95.0348,1.51));
#1058 = CIRCLE('',#1059,0.75);
#1059 = AXIS2_PLACEMENT_3D('',#1060,#1061,#1062);
#1060 = CARTESIAN_POINT('',(138.8364,-94.2848,1.51));
#1061 = DIRECTION('',(-0.,0.,-1.));
#1062 = DIRECTION('',(-0.,-1.,0.));
#1063 = FACE_BOUND('',#1064,.T.);
#1064 = EDGE_LOOP('',(#1065));
#1065 = ORIENTED_EDGE('',*,*,#1066,.T.);
#1066 = EDGE_CURVE('',#1067,#1067,#1069,.T.);
#1067 = VERTEX_POINT('',#1068);
#1068 = CARTESIAN_POINT('',(150.368,-100.2148,1.51));
#1069 = CIRCLE('',#1070,0.85);
#1070 = AXIS2_PLACEMENT_3D('',#1071,#1072,#1073);
#1071 = CARTESIAN_POINT('',(150.368,-99.3648,1.51));
#1072 = DIRECTION('',(-0.,0.,-1.));
#1073 = DIRECTION('',(-0.,-1.,0.));
#1074 = FACE_BOUND('',#1075,.T.);
#1075 = EDGE_LOOP('',(#1076));
#1076 = ORIENTED_EDGE('',*,*,#1077,.T.);
#1077 = EDGE_CURVE('',#1078,#1078,#1080,.T.);
#1078 = VERTEX_POINT('',#1079);
#1079 = CARTESIAN_POINT('',(155.448,-101.3648,1.51));
#1080 = CIRCLE('',#1081,2.);
#1081 = AXIS2_PLACEMENT_3D('',#1082,#1083,#1084);
#1082 = CARTESIAN_POINT('',(155.448,-99.3648,1.51));
#1083 = DIRECTION('',(-0.,0.,-1.));
#1084 = DIRECTION('',(-0.,-1.,0.));
#1085 = FACE_BOUND('',#1086,.T.);
#1086 = EDGE_LOOP('',(#1087));
#1087 = ORIENTED_EDGE('',*,*,#1088,.T.);
#1088 = EDGE_CURVE('',#1089,#1089,#1091,.T.);
#1089 = VERTEX_POINT('',#1090);
#1090 = CARTESIAN_POINT('',(151.638,-97.5748,1.51));
#1091 = CIRCLE('',#1092,0.75);
#1092 = AXIS2_PLACEMENT_3D('',#1093,#1094,#1095);
#1093 = CARTESIAN_POINT('',(151.638,-96.8248,1.51));
#1094 = DIRECTION('',(-0.,0.,-1.));
#1095 = DIRECTION('',(-0.,-1.,0.));
#1096 = FACE_BOUND('',#1097,.T.);
#1097 = EDGE_LOOP('',(#1098));
#1098 = ORIENTED_EDGE('',*,*,#1099,.T.);
#1099 = EDGE_CURVE('',#1100,#1100,#1102,.T.);
#1100 = VERTEX_POINT('',#1101);
#1101 = CARTESIAN_POINT('',(169.6212,-100.3164,1.51));
#1102 = CIRCLE('',#1103,0.85);
#1103 = AXIS2_PLACEMENT_3D('',#1104,#1105,#1106);
#1104 = CARTESIAN_POINT('',(169.6212,-99.4664,1.51));
#1105 = DIRECTION('',(-0.,0.,-1.));
#1106 = DIRECTION('',(-0.,-1.,0.));
#1107 = FACE_BOUND('',#1108,.T.);
#1108 = EDGE_LOOP('',(#1109));
#1109 = ORIENTED_EDGE('',*,*,#1110,.T.);
#1110 = EDGE_CURVE('',#1111,#1111,#1113,.T.);
#1111 = VERTEX_POINT('',#1112);
#1112 = CARTESIAN_POINT('',(174.7012,-101.4664,1.51));
#1113 = CIRCLE('',#1114,2.);
#1114 = AXIS2_PLACEMENT_3D('',#1115,#1116,#1117);
#1115 = CARTESIAN_POINT('',(174.7012,-99.4664,1.51));
#1116 = DIRECTION('',(-0.,0.,-1.));
#1117 = DIRECTION('',(-0.,-1.,0.));
#1118 = FACE_BOUND('',#1119,.T.);
#1119 = EDGE_LOOP('',(#1120));
#1120 = ORIENTED_EDGE('',*,*,#1121,.T.);
#1121 = EDGE_CURVE('',#1122,#1122,#1124,.T.);
#1122 = VERTEX_POINT('',#1123);
#1123 = CARTESIAN_POINT('',(160.528,-100.2148,1.51));
#1124 = CIRCLE('',#1125,0.85);
#1125 = AXIS2_PLACEMENT_3D('',#1126,#1127,#1128);
#1126 = CARTESIAN_POINT('',(160.528,-99.3648,1.51));
#1127 = DIRECTION('',(-0.,0.,-1.));
#1128 = DIRECTION('',(-0.,-1.,0.));
#1129 = FACE_BOUND('',#1130,.T.);
#1130 = EDGE_LOOP('',(#1131));
#1131 = ORIENTED_EDGE('',*,*,#1132,.T.);
#1132 = EDGE_CURVE('',#1133,#1133,#1135,.T.);
#1133 = VERTEX_POINT('',#1134);
#1134 = CARTESIAN_POINT('',(157.988,-95.0348,1.51));
#1135 = CIRCLE('',#1136,0.75);
#1136 = AXIS2_PLACEMENT_3D('',#1137,#1138,#1139);
#1137 = CARTESIAN_POINT('',(157.988,-94.2848,1.51));
#1138 = DIRECTION('',(-0.,0.,-1.));
#1139 = DIRECTION('',(-0.,-1.,0.));
#1140 = FACE_BOUND('',#1141,.T.);
#1141 = EDGE_LOOP('',(#1142));
#1142 = ORIENTED_EDGE('',*,*,#1143,.T.);
#1143 = EDGE_CURVE('',#1144,#1144,#1146,.T.);
#1144 = VERTEX_POINT('',#1145);
#1145 = CARTESIAN_POINT('',(170.8912,-97.6764,1.51));
#1146 = CIRCLE('',#1147,0.75);
#1147 = AXIS2_PLACEMENT_3D('',#1148,#1149,#1150);
#1148 = CARTESIAN_POINT('',(170.8912,-96.9264,1.51));
#1149 = DIRECTION('',(-0.,0.,-1.));
#1150 = DIRECTION('',(-0.,-1.,0.));
#1151 = FACE_BOUND('',#1152,.T.);
#1152 = EDGE_LOOP('',(#1153));
#1153 = ORIENTED_EDGE('',*,*,#1154,.T.);
#1154 = EDGE_CURVE('',#1155,#1155,#1157,.T.);
#1155 = VERTEX_POINT('',#1156);
#1156 = CARTESIAN_POINT('',(177.2412,-95.1364,1.51));
#1157 = CIRCLE('',#1158,0.75);
#1158 = AXIS2_PLACEMENT_3D('',#1159,#1160,#1161);
#1159 = CARTESIAN_POINT('',(177.2412,-94.3864,1.51));
#1160 = DIRECTION('',(-0.,0.,-1.));
#1161 = DIRECTION('',(-0.,-1.,0.));
#1162 = FACE_BOUND('',#1163,.T.);
#1163 = EDGE_LOOP('',(#1164));
#1164 = ORIENTED_EDGE('',*,*,#1165,.T.);
#1165 = EDGE_CURVE('',#1166,#1166,#1168,.T.);
#1166 = VERTEX_POINT('',#1167);
#1167 = CARTESIAN_POINT('',(179.7812,-100.3164,1.51));
#1168 = CIRCLE('',#1169,0.85);
#1169 = AXIS2_PLACEMENT_3D('',#1170,#1171,#1172);
#1170 = CARTESIAN_POINT('',(179.7812,-99.4664,1.51));
#1171 = DIRECTION('',(-0.,0.,-1.));
#1172 = DIRECTION('',(-0.,-1.,0.));
#1173 = FACE_BOUND('',#1174,.T.);
#1174 = EDGE_LOOP('',(#1175));
#1175 = ORIENTED_EDGE('',*,*,#1176,.T.);
#1176 = EDGE_CURVE('',#1177,#1177,#1179,.T.);
#1177 = VERTEX_POINT('',#1178);
#1178 = CARTESIAN_POINT('',(186.7084,-102.3768,1.51));
#1179 = CIRCLE('',#1180,0.5);
#1180 = AXIS2_PLACEMENT_3D('',#1181,#1182,#1183);
#1181 = CARTESIAN_POINT('',(186.7084,-101.8768,1.51));
#1182 = DIRECTION('',(-0.,0.,-1.));
#1183 = DIRECTION('',(-0.,-1.,0.));
#1184 = FACE_BOUND('',#1185,.T.);
#1185 = EDGE_LOOP('',(#1186,#1197,#1205,#1214));
#1186 = ORIENTED_EDGE('',*,*,#1187,.T.);
#1187 = EDGE_CURVE('',#1188,#1190,#1192,.T.);
#1188 = VERTEX_POINT('',#1189);
#1189 = CARTESIAN_POINT('',(194.8584,-104.2268,1.51));
#1190 = VERTEX_POINT('',#1191);
#1191 = CARTESIAN_POINT('',(194.8584,-105.7268,1.51));
#1192 = CIRCLE('',#1193,0.75);
#1193 = AXIS2_PLACEMENT_3D('',#1194,#1195,#1196);
#1194 = CARTESIAN_POINT('',(194.8584,-104.9768,1.51));
#1195 = DIRECTION('',(-0.,0.,-1.));
#1196 = DIRECTION('',(-0.,-1.,0.));
#1197 = ORIENTED_EDGE('',*,*,#1198,.T.);
#1198 = EDGE_CURVE('',#1190,#1199,#1201,.T.);
#1199 = VERTEX_POINT('',#1200);
#1200 = CARTESIAN_POINT('',(193.5584,-105.7268,1.51));
#1201 = LINE('',#1202,#1203);
#1202 = CARTESIAN_POINT('',(96.7792,-105.7268,1.51));
#1203 = VECTOR('',#1204,1.);
#1204 = DIRECTION('',(-1.,0.,0.));
#1205 = ORIENTED_EDGE('',*,*,#1206,.T.);
#1206 = EDGE_CURVE('',#1199,#1207,#1209,.T.);
#1207 = VERTEX_POINT('',#1208);
#1208 = CARTESIAN_POINT('',(193.5584,-104.2268,1.51));
#1209 = CIRCLE('',#1210,0.75);
#1210 = AXIS2_PLACEMENT_3D('',#1211,#1212,#1213);
#1211 = CARTESIAN_POINT('',(193.5584,-104.9768,1.51));
#1212 = DIRECTION('',(-0.,0.,-1.));
#1213 = DIRECTION('',(0.,1.,0.));
#1214 = ORIENTED_EDGE('',*,*,#1215,.T.);
#1215 = EDGE_CURVE('',#1207,#1188,#1216,.T.);
#1216 = LINE('',#1217,#1218);
#1217 = CARTESIAN_POINT('',(97.4292,-104.2268,1.51));
#1218 = VECTOR('',#1219,1.);
#1219 = DIRECTION('',(1.,0.,-0.));
#1220 = FACE_BOUND('',#1221,.T.);
#1221 = EDGE_LOOP('',(#1222));
#1222 = ORIENTED_EDGE('',*,*,#1223,.T.);
#1223 = EDGE_CURVE('',#1224,#1224,#1226,.T.);
#1224 = VERTEX_POINT('',#1225);
#1225 = CARTESIAN_POINT('',(201.2084,-102.3768,1.51));
#1226 = CIRCLE('',#1227,0.5);
#1227 = AXIS2_PLACEMENT_3D('',#1228,#1229,#1230);
#1228 = CARTESIAN_POINT('',(201.2084,-101.8768,1.51));
#1229 = DIRECTION('',(-0.,0.,-1.));
#1230 = DIRECTION('',(-0.,-1.,0.));
#1231 = FACE_BOUND('',#1232,.T.);
#1232 = EDGE_LOOP('',(#1233));
#1233 = ORIENTED_EDGE('',*,*,#1234,.T.);
#1234 = EDGE_CURVE('',#1235,#1235,#1237,.T.);
#1235 = VERTEX_POINT('',#1236);
#1236 = CARTESIAN_POINT('',(186.7084,-99.8768,1.51));
#1237 = CIRCLE('',#1238,0.5);
#1238 = AXIS2_PLACEMENT_3D('',#1239,#1240,#1241);
#1239 = CARTESIAN_POINT('',(186.7084,-99.3768,1.51));
#1240 = DIRECTION('',(-0.,0.,-1.));
#1241 = DIRECTION('',(-0.,-1.,0.));
#1242 = FACE_BOUND('',#1243,.T.);
#1243 = EDGE_LOOP('',(#1244));
#1244 = ORIENTED_EDGE('',*,*,#1245,.T.);
#1245 = EDGE_CURVE('',#1246,#1246,#1248,.T.);
#1246 = VERTEX_POINT('',#1247);
#1247 = CARTESIAN_POINT('',(186.7084,-97.3768,1.51));
#1248 = CIRCLE('',#1249,0.5);
#1249 = AXIS2_PLACEMENT_3D('',#1250,#1251,#1252);
#1250 = CARTESIAN_POINT('',(186.7084,-96.8768,1.51));
#1251 = DIRECTION('',(-0.,0.,-1.));
#1252 = DIRECTION('',(-0.,-1.,0.));
#1253 = FACE_BOUND('',#1254,.T.);
#1254 = EDGE_LOOP('',(#1255));
#1255 = ORIENTED_EDGE('',*,*,#1256,.T.);
#1256 = EDGE_CURVE('',#1257,#1257,#1259,.T.);
#1257 = VERTEX_POINT('',#1258);
#1258 = CARTESIAN_POINT('',(201.2084,-97.3768,1.51));
#1259 = CIRCLE('',#1260,0.5);
#1260 = AXIS2_PLACEMENT_3D('',#1261,#1262,#1263);
#1261 = CARTESIAN_POINT('',(201.2084,-96.8768,1.51));
#1262 = DIRECTION('',(-0.,0.,-1.));
#1263 = DIRECTION('',(-0.,-1.,0.));
#1264 = FACE_BOUND('',#1265,.T.);
#1265 = EDGE_LOOP('',(#1266,#1277,#1285,#1294));
#1266 = ORIENTED_EDGE('',*,*,#1267,.T.);
#1267 = EDGE_CURVE('',#1268,#1270,#1272,.T.);
#1268 = VERTEX_POINT('',#1269);
#1269 = CARTESIAN_POINT('',(194.8584,-93.0268,1.51));
#1270 = VERTEX_POINT('',#1271);
#1271 = CARTESIAN_POINT('',(194.8584,-94.5268,1.51));
#1272 = CIRCLE('',#1273,0.75);
#1273 = AXIS2_PLACEMENT_3D('',#1274,#1275,#1276);
#1274 = CARTESIAN_POINT('',(194.8584,-93.7768,1.51));
#1275 = DIRECTION('',(-0.,0.,-1.));
#1276 = DIRECTION('',(-0.,-1.,0.));
#1277 = ORIENTED_EDGE('',*,*,#1278,.T.);
#1278 = EDGE_CURVE('',#1270,#1279,#1281,.T.);
#1279 = VERTEX_POINT('',#1280);
#1280 = CARTESIAN_POINT('',(193.5584,-94.5268,1.51));
#1281 = LINE('',#1282,#1283);
#1282 = CARTESIAN_POINT('',(96.7792,-94.5268,1.51));
#1283 = VECTOR('',#1284,1.);
#1284 = DIRECTION('',(-1.,0.,0.));
#1285 = ORIENTED_EDGE('',*,*,#1286,.T.);
#1286 = EDGE_CURVE('',#1279,#1287,#1289,.T.);
#1287 = VERTEX_POINT('',#1288);
#1288 = CARTESIAN_POINT('',(193.5584,-93.0268,1.51));
#1289 = CIRCLE('',#1290,0.75);
#1290 = AXIS2_PLACEMENT_3D('',#1291,#1292,#1293);
#1291 = CARTESIAN_POINT('',(193.5584,-93.7768,1.51));
#1292 = DIRECTION('',(-0.,0.,-1.));
#1293 = DIRECTION('',(0.,1.,0.));
#1294 = ORIENTED_EDGE('',*,*,#1295,.T.);
#1295 = EDGE_CURVE('',#1287,#1268,#1296,.T.);
#1296 = LINE('',#1297,#1298);
#1297 = CARTESIAN_POINT('',(97.4292,-93.0268,1.51));
#1298 = VECTOR('',#1299,1.);
#1299 = DIRECTION('',(1.,0.,-0.));
#1300 = FACE_BOUND('',#1301,.T.);
#1301 = EDGE_LOOP('',(#1302));
#1302 = ORIENTED_EDGE('',*,*,#1303,.T.);
#1303 = EDGE_CURVE('',#1304,#1304,#1306,.T.);
#1304 = VERTEX_POINT('',#1305);
#1305 = CARTESIAN_POINT('',(112.2172,-81.114,1.51));
#1306 = CIRCLE('',#1307,0.85);
#1307 = AXIS2_PLACEMENT_3D('',#1308,#1309,#1310);
#1308 = CARTESIAN_POINT('',(112.2172,-80.264,1.51));
#1309 = DIRECTION('',(-0.,0.,-1.));
#1310 = DIRECTION('',(1.671865260612E-14,-1.,-0.));
#1311 = FACE_BOUND('',#1312,.T.);
#1312 = EDGE_LOOP('',(#1313));
#1313 = ORIENTED_EDGE('',*,*,#1314,.T.);
#1314 = EDGE_CURVE('',#1315,#1315,#1317,.T.);
#1315 = VERTEX_POINT('',#1316);
#1316 = CARTESIAN_POINT('',(113.4872,-78.474,1.51));
#1317 = CIRCLE('',#1318,0.75);
#1318 = AXIS2_PLACEMENT_3D('',#1319,#1320,#1321);
#1319 = CARTESIAN_POINT('',(113.4872,-77.724,1.51));
#1320 = DIRECTION('',(-0.,0.,-1.));
#1321 = DIRECTION('',(-0.,-1.,0.));
#1322 = FACE_BOUND('',#1323,.T.);
#1323 = EDGE_LOOP('',(#1324));
#1324 = ORIENTED_EDGE('',*,*,#1325,.T.);
#1325 = EDGE_CURVE('',#1326,#1326,#1328,.T.);
#1326 = VERTEX_POINT('',#1327);
#1327 = CARTESIAN_POINT('',(117.2972,-82.264,1.51));
#1328 = CIRCLE('',#1329,2.);
#1329 = AXIS2_PLACEMENT_3D('',#1330,#1331,#1332);
#1330 = CARTESIAN_POINT('',(117.2972,-80.264,1.51));
#1331 = DIRECTION('',(-0.,0.,-1.));
#1332 = DIRECTION('',(-0.,-1.,0.));
#1333 = FACE_BOUND('',#1334,.T.);
#1334 = EDGE_LOOP('',(#1335));
#1335 = ORIENTED_EDGE('',*,*,#1336,.T.);
#1336 = EDGE_CURVE('',#1337,#1337,#1339,.T.);
#1337 = VERTEX_POINT('',#1338);
#1338 = CARTESIAN_POINT('',(122.3772,-81.114,1.51));
#1339 = CIRCLE('',#1340,0.85);
#1340 = AXIS2_PLACEMENT_3D('',#1341,#1342,#1343);
#1341 = CARTESIAN_POINT('',(122.3772,-80.264,1.51));
#1342 = DIRECTION('',(-0.,0.,-1.));
#1343 = DIRECTION('',(1.671865260612E-14,-1.,-0.));
#1344 = FACE_BOUND('',#1345,.T.);
#1345 = EDGE_LOOP('',(#1346));
#1346 = ORIENTED_EDGE('',*,*,#1347,.T.);
#1347 = EDGE_CURVE('',#1348,#1348,#1350,.T.);
#1348 = VERTEX_POINT('',#1349);
#1349 = CARTESIAN_POINT('',(119.8372,-75.934,1.51));
#1350 = CIRCLE('',#1351,0.75);
#1351 = AXIS2_PLACEMENT_3D('',#1352,#1353,#1354);
#1352 = CARTESIAN_POINT('',(119.8372,-75.184,1.51));
#1353 = DIRECTION('',(-0.,0.,-1.));
#1354 = DIRECTION('',(-0.,-1.,0.));
#1355 = FACE_BOUND('',#1356,.T.);
#1356 = EDGE_LOOP('',(#1357));
#1357 = ORIENTED_EDGE('',*,*,#1358,.T.);
#1358 = EDGE_CURVE('',#1359,#1359,#1361,.T.);
#1359 = VERTEX_POINT('',#1360);
#1360 = CARTESIAN_POINT('',(131.355,-81.151,1.51));
#1361 = CIRCLE('',#1362,0.85);
#1362 = AXIS2_PLACEMENT_3D('',#1363,#1364,#1365);
#1363 = CARTESIAN_POINT('',(131.355,-80.301,1.51));
#1364 = DIRECTION('',(-0.,0.,-1.));
#1365 = DIRECTION('',(-3.343730521224E-14,-1.,0.));
#1366 = FACE_BOUND('',#1367,.T.);
#1367 = EDGE_LOOP('',(#1368));
#1368 = ORIENTED_EDGE('',*,*,#1369,.T.);
#1369 = EDGE_CURVE('',#1370,#1370,#1372,.T.);
#1370 = VERTEX_POINT('',#1371);
#1371 = CARTESIAN_POINT('',(132.625,-78.511,1.51));
#1372 = CIRCLE('',#1373,0.75);
#1373 = AXIS2_PLACEMENT_3D('',#1374,#1375,#1376);
#1374 = CARTESIAN_POINT('',(132.625,-77.761,1.51));
#1375 = DIRECTION('',(-0.,0.,-1.));
#1376 = DIRECTION('',(-0.,-1.,0.));
#1377 = FACE_BOUND('',#1378,.T.);
#1378 = EDGE_LOOP('',(#1379));
#1379 = ORIENTED_EDGE('',*,*,#1380,.T.);
#1380 = EDGE_CURVE('',#1381,#1381,#1383,.T.);
#1381 = VERTEX_POINT('',#1382);
#1382 = CARTESIAN_POINT('',(136.435,-82.301,1.51));
#1383 = CIRCLE('',#1384,2.);
#1384 = AXIS2_PLACEMENT_3D('',#1385,#1386,#1387);
#1385 = CARTESIAN_POINT('',(136.435,-80.301,1.51));
#1386 = DIRECTION('',(-0.,0.,-1.));
#1387 = DIRECTION('',(-0.,-1.,0.));
#1388 = FACE_BOUND('',#1389,.T.);
#1389 = EDGE_LOOP('',(#1390));
#1390 = ORIENTED_EDGE('',*,*,#1391,.T.);
#1391 = EDGE_CURVE('',#1392,#1392,#1394,.T.);
#1392 = VERTEX_POINT('',#1393);
#1393 = CARTESIAN_POINT('',(141.515,-81.151,1.51));
#1394 = CIRCLE('',#1395,0.85);
#1395 = AXIS2_PLACEMENT_3D('',#1396,#1397,#1398);
#1396 = CARTESIAN_POINT('',(141.515,-80.301,1.51));
#1397 = DIRECTION('',(-0.,0.,-1.));
#1398 = DIRECTION('',(-0.,-1.,0.));
#1399 = FACE_BOUND('',#1400,.T.);
#1400 = EDGE_LOOP('',(#1401));
#1401 = ORIENTED_EDGE('',*,*,#1402,.T.);
#1402 = EDGE_CURVE('',#1403,#1403,#1405,.T.);
#1403 = VERTEX_POINT('',#1404);
#1404 = CARTESIAN_POINT('',(138.975,-75.971,1.51));
#1405 = CIRCLE('',#1406,0.75);
#1406 = AXIS2_PLACEMENT_3D('',#1407,#1408,#1409);
#1407 = CARTESIAN_POINT('',(138.975,-75.221,1.51));
#1408 = DIRECTION('',(-0.,0.,-1.));
#1409 = DIRECTION('',(-0.,-1.,0.));
#1410 = FACE_BOUND('',#1411,.T.);
#1411 = EDGE_LOOP('',(#1412));
#1412 = ORIENTED_EDGE('',*,*,#1413,.T.);
#1413 = EDGE_CURVE('',#1414,#1414,#1416,.T.);
#1414 = VERTEX_POINT('',#1415);
#1415 = CARTESIAN_POINT('',(150.368,-81.1648,1.51));
#1416 = CIRCLE('',#1417,0.85);
#1417 = AXIS2_PLACEMENT_3D('',#1418,#1419,#1420);
#1418 = CARTESIAN_POINT('',(150.368,-80.3148,1.51));
#1419 = DIRECTION('',(-0.,0.,-1.));
#1420 = DIRECTION('',(-0.,-1.,0.));
#1421 = FACE_BOUND('',#1422,.T.);
#1422 = EDGE_LOOP('',(#1423));
#1423 = ORIENTED_EDGE('',*,*,#1424,.T.);
#1424 = EDGE_CURVE('',#1425,#1425,#1427,.T.);
#1425 = VERTEX_POINT('',#1426);
#1426 = CARTESIAN_POINT('',(155.448,-82.3148,1.51));
#1427 = CIRCLE('',#1428,2.);
#1428 = AXIS2_PLACEMENT_3D('',#1429,#1430,#1431);
#1429 = CARTESIAN_POINT('',(155.448,-80.3148,1.51));
#1430 = DIRECTION('',(-0.,0.,-1.));
#1431 = DIRECTION('',(-0.,-1.,0.));
#1432 = FACE_BOUND('',#1433,.T.);
#1433 = EDGE_LOOP('',(#1434));
#1434 = ORIENTED_EDGE('',*,*,#1435,.T.);
#1435 = EDGE_CURVE('',#1436,#1436,#1438,.T.);
#1436 = VERTEX_POINT('',#1437);
#1437 = CARTESIAN_POINT('',(151.638,-78.5248,1.51));
#1438 = CIRCLE('',#1439,0.75);
#1439 = AXIS2_PLACEMENT_3D('',#1440,#1441,#1442);
#1440 = CARTESIAN_POINT('',(151.638,-77.7748,1.51));
#1441 = DIRECTION('',(-0.,0.,-1.));
#1442 = DIRECTION('',(-0.,-1.,0.));
#1443 = FACE_BOUND('',#1444,.T.);
#1444 = EDGE_LOOP('',(#1445));
#1445 = ORIENTED_EDGE('',*,*,#1446,.T.);
#1446 = EDGE_CURVE('',#1447,#1447,#1449,.T.);
#1447 = VERTEX_POINT('',#1448);
#1448 = CARTESIAN_POINT('',(112.1664,-62.064,1.51));
#1449 = CIRCLE('',#1450,0.85);
#1450 = AXIS2_PLACEMENT_3D('',#1451,#1452,#1453);
#1451 = CARTESIAN_POINT('',(112.1664,-61.214,1.51));
#1452 = DIRECTION('',(-0.,0.,-1.));
#1453 = DIRECTION('',(-1.671865260612E-14,-1.,0.));
#1454 = FACE_BOUND('',#1455,.T.);
#1455 = EDGE_LOOP('',(#1456));
#1456 = ORIENTED_EDGE('',*,*,#1457,.T.);
#1457 = EDGE_CURVE('',#1458,#1458,#1460,.T.);
#1458 = VERTEX_POINT('',#1459);
#1459 = CARTESIAN_POINT('',(113.4364,-59.424,1.51));
#1460 = CIRCLE('',#1461,0.75);
#1461 = AXIS2_PLACEMENT_3D('',#1462,#1463,#1464);
#1462 = CARTESIAN_POINT('',(113.4364,-58.674,1.51));
#1463 = DIRECTION('',(-0.,0.,-1.));
#1464 = DIRECTION('',(-0.,-1.,0.));
#1465 = FACE_BOUND('',#1466,.T.);
#1466 = EDGE_LOOP('',(#1467));
#1467 = ORIENTED_EDGE('',*,*,#1468,.T.);
#1468 = EDGE_CURVE('',#1469,#1469,#1471,.T.);
#1469 = VERTEX_POINT('',#1470);
#1470 = CARTESIAN_POINT('',(117.2464,-63.214,1.51));
#1471 = CIRCLE('',#1472,2.);
#1472 = AXIS2_PLACEMENT_3D('',#1473,#1474,#1475);
#1473 = CARTESIAN_POINT('',(117.2464,-61.214,1.51));
#1474 = DIRECTION('',(-0.,0.,-1.));
#1475 = DIRECTION('',(-0.,-1.,0.));
#1476 = FACE_BOUND('',#1477,.T.);
#1477 = EDGE_LOOP('',(#1478));
#1478 = ORIENTED_EDGE('',*,*,#1479,.T.);
#1479 = EDGE_CURVE('',#1480,#1480,#1482,.T.);
#1480 = VERTEX_POINT('',#1481);
#1481 = CARTESIAN_POINT('',(122.3264,-62.064,1.51));
#1482 = CIRCLE('',#1483,0.85);
#1483 = AXIS2_PLACEMENT_3D('',#1484,#1485,#1486);
#1484 = CARTESIAN_POINT('',(122.3264,-61.214,1.51));
#1485 = DIRECTION('',(-0.,0.,-1.));
#1486 = DIRECTION('',(-0.,-1.,0.));
#1487 = FACE_BOUND('',#1488,.T.);
#1488 = EDGE_LOOP('',(#1489));
#1489 = ORIENTED_EDGE('',*,*,#1490,.T.);
#1490 = EDGE_CURVE('',#1491,#1491,#1493,.T.);
#1491 = VERTEX_POINT('',#1492);
#1492 = CARTESIAN_POINT('',(119.7864,-56.884,1.51));
#1493 = CIRCLE('',#1494,0.75);
#1494 = AXIS2_PLACEMENT_3D('',#1495,#1496,#1497);
#1495 = CARTESIAN_POINT('',(119.7864,-56.134,1.51));
#1496 = DIRECTION('',(-0.,0.,-1.));
#1497 = DIRECTION('',(-0.,-1.,0.));
#1498 = FACE_BOUND('',#1499,.T.);
#1499 = EDGE_LOOP('',(#1500));
#1500 = ORIENTED_EDGE('',*,*,#1501,.T.);
#1501 = EDGE_CURVE('',#1502,#1502,#1504,.T.);
#1502 = VERTEX_POINT('',#1503);
#1503 = CARTESIAN_POINT('',(131.2624,-62.064,1.51));
#1504 = CIRCLE('',#1505,0.85);
#1505 = AXIS2_PLACEMENT_3D('',#1506,#1507,#1508);
#1506 = CARTESIAN_POINT('',(131.2624,-61.214,1.51));
#1507 = DIRECTION('',(-0.,0.,-1.));
#1508 = DIRECTION('',(-0.,-1.,0.));
#1509 = FACE_BOUND('',#1510,.T.);
#1510 = EDGE_LOOP('',(#1511));
#1511 = ORIENTED_EDGE('',*,*,#1512,.T.);
#1512 = EDGE_CURVE('',#1513,#1513,#1515,.T.);
#1513 = VERTEX_POINT('',#1514);
#1514 = CARTESIAN_POINT('',(132.5324,-59.424,1.51));
#1515 = CIRCLE('',#1516,0.75);
#1516 = AXIS2_PLACEMENT_3D('',#1517,#1518,#1519);
#1517 = CARTESIAN_POINT('',(132.5324,-58.674,1.51));
#1518 = DIRECTION('',(-0.,0.,-1.));
#1519 = DIRECTION('',(-0.,-1.,0.));
#1520 = FACE_BOUND('',#1521,.T.);
#1521 = EDGE_LOOP('',(#1522));
#1522 = ORIENTED_EDGE('',*,*,#1523,.T.);
#1523 = EDGE_CURVE('',#1524,#1524,#1526,.T.);
#1524 = VERTEX_POINT('',#1525);
#1525 = CARTESIAN_POINT('',(136.3424,-63.214,1.51));
#1526 = CIRCLE('',#1527,2.);
#1527 = AXIS2_PLACEMENT_3D('',#1528,#1529,#1530);
#1528 = CARTESIAN_POINT('',(136.3424,-61.214,1.51));
#1529 = DIRECTION('',(-0.,0.,-1.));
#1530 = DIRECTION('',(-0.,-1.,0.));
#1531 = FACE_BOUND('',#1532,.T.);
#1532 = EDGE_LOOP('',(#1533));
#1533 = ORIENTED_EDGE('',*,*,#1534,.T.);
#1534 = EDGE_CURVE('',#1535,#1535,#1537,.T.);
#1535 = VERTEX_POINT('',#1536);
#1536 = CARTESIAN_POINT('',(141.4224,-62.064,1.51));
#1537 = CIRCLE('',#1538,0.85);
#1538 = AXIS2_PLACEMENT_3D('',#1539,#1540,#1541);
#1539 = CARTESIAN_POINT('',(141.4224,-61.214,1.51));
#1540 = DIRECTION('',(-0.,0.,-1.));
#1541 = DIRECTION('',(3.343730521224E-14,-1.,-0.));
#1542 = FACE_BOUND('',#1543,.T.);
#1543 = EDGE_LOOP('',(#1544));
#1544 = ORIENTED_EDGE('',*,*,#1545,.T.);
#1545 = EDGE_CURVE('',#1546,#1546,#1548,.T.);
#1546 = VERTEX_POINT('',#1547);
#1547 = CARTESIAN_POINT('',(138.8824,-56.884,1.51));
#1548 = CIRCLE('',#1549,0.75);
#1549 = AXIS2_PLACEMENT_3D('',#1550,#1551,#1552);
#1550 = CARTESIAN_POINT('',(138.8824,-56.134,1.51));
#1551 = DIRECTION('',(-0.,0.,-1.));
#1552 = DIRECTION('',(-0.,-1.,0.));
#1553 = FACE_BOUND('',#1554,.T.);
#1554 = EDGE_LOOP('',(#1555));
#1555 = ORIENTED_EDGE('',*,*,#1556,.T.);
#1556 = EDGE_CURVE('',#1557,#1557,#1559,.T.);
#1557 = VERTEX_POINT('',#1558);
#1558 = CARTESIAN_POINT('',(150.3172,-62.0132,1.51));
#1559 = CIRCLE('',#1560,0.85);
#1560 = AXIS2_PLACEMENT_3D('',#1561,#1562,#1563);
#1561 = CARTESIAN_POINT('',(150.3172,-61.1632,1.51));
#1562 = DIRECTION('',(-0.,0.,-1.));
#1563 = DIRECTION('',(-0.,-1.,0.));
#1564 = FACE_BOUND('',#1565,.T.);
#1565 = EDGE_LOOP('',(#1566));
#1566 = ORIENTED_EDGE('',*,*,#1567,.T.);
#1567 = EDGE_CURVE('',#1568,#1568,#1570,.T.);
#1568 = VERTEX_POINT('',#1569);
#1569 = CARTESIAN_POINT('',(155.3972,-63.1632,1.51));
#1570 = CIRCLE('',#1571,2.);
#1571 = AXIS2_PLACEMENT_3D('',#1572,#1573,#1574);
#1572 = CARTESIAN_POINT('',(155.3972,-61.1632,1.51));
#1573 = DIRECTION('',(-0.,0.,-1.));
#1574 = DIRECTION('',(-0.,-1.,0.));
#1575 = FACE_BOUND('',#1576,.T.);
#1576 = EDGE_LOOP('',(#1577));
#1577 = ORIENTED_EDGE('',*,*,#1578,.T.);
#1578 = EDGE_CURVE('',#1579,#1579,#1581,.T.);
#1579 = VERTEX_POINT('',#1580);
#1580 = CARTESIAN_POINT('',(151.5872,-59.3732,1.51));
#1581 = CIRCLE('',#1582,0.75);
#1582 = AXIS2_PLACEMENT_3D('',#1583,#1584,#1585);
#1583 = CARTESIAN_POINT('',(151.5872,-58.6232,1.51));
#1584 = DIRECTION('',(-0.,0.,-1.));
#1585 = DIRECTION('',(-0.,-1.,0.));
#1586 = FACE_BOUND('',#1587,.T.);
#1587 = EDGE_LOOP('',(#1588));
#1588 = ORIENTED_EDGE('',*,*,#1589,.T.);
#1589 = EDGE_CURVE('',#1590,#1590,#1592,.T.);
#1590 = VERTEX_POINT('',#1591);
#1591 = CARTESIAN_POINT('',(160.528,-81.1648,1.51));
#1592 = CIRCLE('',#1593,0.85);
#1593 = AXIS2_PLACEMENT_3D('',#1594,#1595,#1596);
#1594 = CARTESIAN_POINT('',(160.528,-80.3148,1.51));
#1595 = DIRECTION('',(-0.,0.,-1.));
#1596 = DIRECTION('',(-0.,-1.,0.));
#1597 = FACE_BOUND('',#1598,.T.);
#1598 = EDGE_LOOP('',(#1599));
#1599 = ORIENTED_EDGE('',*,*,#1600,.T.);
#1600 = EDGE_CURVE('',#1601,#1601,#1603,.T.);
#1601 = VERTEX_POINT('',#1602);
#1602 = CARTESIAN_POINT('',(157.988,-75.9848,1.51));
#1603 = CIRCLE('',#1604,0.75);
#1604 = AXIS2_PLACEMENT_3D('',#1605,#1606,#1607);
#1605 = CARTESIAN_POINT('',(157.988,-75.2348,1.51));
#1606 = DIRECTION('',(-0.,0.,-1.));
#1607 = DIRECTION('',(-0.,-1.,0.));
#1608 = FACE_BOUND('',#1609,.T.);
#1609 = EDGE_LOOP('',(#1610));
#1610 = ORIENTED_EDGE('',*,*,#1611,.T.);
#1611 = EDGE_CURVE('',#1612,#1612,#1614,.T.);
#1612 = VERTEX_POINT('',#1613);
#1613 = CARTESIAN_POINT('',(169.5704,-81.114,1.51));
#1614 = CIRCLE('',#1615,0.85);
#1615 = AXIS2_PLACEMENT_3D('',#1616,#1617,#1618);
#1616 = CARTESIAN_POINT('',(169.5704,-80.264,1.51));
#1617 = DIRECTION('',(-0.,0.,-1.));
#1618 = DIRECTION('',(-0.,-1.,0.));
#1619 = FACE_BOUND('',#1620,.T.);
#1620 = EDGE_LOOP('',(#1621));
#1621 = ORIENTED_EDGE('',*,*,#1622,.T.);
#1622 = EDGE_CURVE('',#1623,#1623,#1625,.T.);
#1623 = VERTEX_POINT('',#1624);
#1624 = CARTESIAN_POINT('',(170.8404,-78.474,1.51));
#1625 = CIRCLE('',#1626,0.75);
#1626 = AXIS2_PLACEMENT_3D('',#1627,#1628,#1629);
#1627 = CARTESIAN_POINT('',(170.8404,-77.724,1.51));
#1628 = DIRECTION('',(-0.,0.,-1.));
#1629 = DIRECTION('',(-0.,-1.,0.));
#1630 = FACE_BOUND('',#1631,.T.);
#1631 = EDGE_LOOP('',(#1632));
#1632 = ORIENTED_EDGE('',*,*,#1633,.T.);
#1633 = EDGE_CURVE('',#1634,#1634,#1636,.T.);
#1634 = VERTEX_POINT('',#1635);
#1635 = CARTESIAN_POINT('',(174.6504,-82.264,1.51));
#1636 = CIRCLE('',#1637,2.);
#1637 = AXIS2_PLACEMENT_3D('',#1638,#1639,#1640);
#1638 = CARTESIAN_POINT('',(174.6504,-80.264,1.51));
#1639 = DIRECTION('',(-0.,0.,-1.));
#1640 = DIRECTION('',(-0.,-1.,0.));
#1641 = FACE_BOUND('',#1642,.T.);
#1642 = EDGE_LOOP('',(#1643));
#1643 = ORIENTED_EDGE('',*,*,#1644,.T.);
#1644 = EDGE_CURVE('',#1645,#1645,#1647,.T.);
#1645 = VERTEX_POINT('',#1646);
#1646 = CARTESIAN_POINT('',(177.1904,-75.934,1.51));
#1647 = CIRCLE('',#1648,0.75);
#1648 = AXIS2_PLACEMENT_3D('',#1649,#1650,#1651);
#1649 = CARTESIAN_POINT('',(177.1904,-75.184,1.51));
#1650 = DIRECTION('',(-0.,0.,-1.));
#1651 = DIRECTION('',(-0.,-1.,0.));
#1652 = FACE_BOUND('',#1653,.T.);
#1653 = EDGE_LOOP('',(#1654));
#1654 = ORIENTED_EDGE('',*,*,#1655,.T.);
#1655 = EDGE_CURVE('',#1656,#1656,#1658,.T.);
#1656 = VERTEX_POINT('',#1657);
#1657 = CARTESIAN_POINT('',(179.7304,-81.114,1.51));
#1658 = CIRCLE('',#1659,0.85);
#1659 = AXIS2_PLACEMENT_3D('',#1660,#1661,#1662);
#1660 = CARTESIAN_POINT('',(179.7304,-80.264,1.51));
#1661 = DIRECTION('',(-0.,0.,-1.));
#1662 = DIRECTION('',(-0.,-1.,0.));
#1663 = FACE_BOUND('',#1664,.T.);
#1664 = EDGE_LOOP('',(#1665));
#1665 = ORIENTED_EDGE('',*,*,#1666,.T.);
#1666 = EDGE_CURVE('',#1667,#1667,#1669,.T.);
#1667 = VERTEX_POINT('',#1668);
#1668 = CARTESIAN_POINT('',(160.4772,-62.0132,1.51));
#1669 = CIRCLE('',#1670,0.85);
#1670 = AXIS2_PLACEMENT_3D('',#1671,#1672,#1673);
#1671 = CARTESIAN_POINT('',(160.4772,-61.1632,1.51));
#1672 = DIRECTION('',(-0.,0.,-1.));
#1673 = DIRECTION('',(3.343730521224E-14,-1.,-0.));
#1674 = FACE_BOUND('',#1675,.T.);
#1675 = EDGE_LOOP('',(#1676));
#1676 = ORIENTED_EDGE('',*,*,#1677,.T.);
#1677 = EDGE_CURVE('',#1678,#1678,#1680,.T.);
#1678 = VERTEX_POINT('',#1679);
#1679 = CARTESIAN_POINT('',(157.9372,-56.8332,1.51));
#1680 = CIRCLE('',#1681,0.75);
#1681 = AXIS2_PLACEMENT_3D('',#1682,#1683,#1684);
#1682 = CARTESIAN_POINT('',(157.9372,-56.0832,1.51));
#1683 = DIRECTION('',(-0.,0.,-1.));
#1684 = DIRECTION('',(-0.,-1.,0.));
#1685 = FACE_BOUND('',#1686,.T.);
#1686 = EDGE_LOOP('',(#1687));
#1687 = ORIENTED_EDGE('',*,*,#1688,.T.);
#1688 = EDGE_CURVE('',#1689,#1689,#1691,.T.);
#1689 = VERTEX_POINT('',#1690);
#1690 = CARTESIAN_POINT('',(169.418,-62.0132,1.51));
#1691 = CIRCLE('',#1692,0.85);
#1692 = AXIS2_PLACEMENT_3D('',#1693,#1694,#1695);
#1693 = CARTESIAN_POINT('',(169.418,-61.1632,1.51));
#1694 = DIRECTION('',(-0.,0.,-1.));
#1695 = DIRECTION('',(-0.,-1.,0.));
#1696 = FACE_BOUND('',#1697,.T.);
#1697 = EDGE_LOOP('',(#1698));
#1698 = ORIENTED_EDGE('',*,*,#1699,.T.);
#1699 = EDGE_CURVE('',#1700,#1700,#1702,.T.);
#1700 = VERTEX_POINT('',#1701);
#1701 = CARTESIAN_POINT('',(170.688,-59.3732,1.51));
#1702 = CIRCLE('',#1703,0.75);
#1703 = AXIS2_PLACEMENT_3D('',#1704,#1705,#1706);
#1704 = CARTESIAN_POINT('',(170.688,-58.6232,1.51));
#1705 = DIRECTION('',(-0.,0.,-1.));
#1706 = DIRECTION('',(-0.,-1.,0.));
#1707 = FACE_BOUND('',#1708,.T.);
#1708 = EDGE_LOOP('',(#1709));
#1709 = ORIENTED_EDGE('',*,*,#1710,.T.);
#1710 = EDGE_CURVE('',#1711,#1711,#1713,.T.);
#1711 = VERTEX_POINT('',#1712);
#1712 = CARTESIAN_POINT('',(174.498,-63.1632,1.51));
#1713 = CIRCLE('',#1714,2.);
#1714 = AXIS2_PLACEMENT_3D('',#1715,#1716,#1717);
#1715 = CARTESIAN_POINT('',(174.498,-61.1632,1.51));
#1716 = DIRECTION('',(-0.,0.,-1.));
#1717 = DIRECTION('',(-0.,-1.,0.));
#1718 = FACE_BOUND('',#1719,.T.);
#1719 = EDGE_LOOP('',(#1720));
#1720 = ORIENTED_EDGE('',*,*,#1721,.T.);
#1721 = EDGE_CURVE('',#1722,#1722,#1724,.T.);
#1722 = VERTEX_POINT('',#1723);
#1723 = CARTESIAN_POINT('',(177.038,-56.8332,1.51));
#1724 = CIRCLE('',#1725,0.75);
#1725 = AXIS2_PLACEMENT_3D('',#1726,#1727,#1728);
#1726 = CARTESIAN_POINT('',(177.038,-56.0832,1.51));
#1727 = DIRECTION('',(-0.,0.,-1.));
#1728 = DIRECTION('',(-0.,-1.,0.));
#1729 = FACE_BOUND('',#1730,.T.);
#1730 = EDGE_LOOP('',(#1731));
#1731 = ORIENTED_EDGE('',*,*,#1732,.T.);
#1732 = EDGE_CURVE('',#1733,#1733,#1735,.T.);
#1733 = VERTEX_POINT('',#1734);
#1734 = CARTESIAN_POINT('',(179.578,-62.0132,1.51));
#1735 = CIRCLE('',#1736,0.85);
#1736 = AXIS2_PLACEMENT_3D('',#1737,#1738,#1739);
#1737 = CARTESIAN_POINT('',(179.578,-61.1632,1.51));
#1738 = DIRECTION('',(-0.,0.,-1.));
#1739 = DIRECTION('',(-0.,-1.,0.));
#1740 = PLANE('',#1741);
#1741 = AXIS2_PLACEMENT_3D('',#1742,#1743,#1744);
#1742 = CARTESIAN_POINT('',(0.,0.,1.51));
#1743 = DIRECTION('',(0.,0.,1.));
#1744 = DIRECTION('',(1.,0.,-0.));
#1745 = ADVANCED_FACE('',(#1746),#1752,.T.);
#1746 = FACE_BOUND('',#1747,.T.);
#1747 = EDGE_LOOP('',(#1748,#1749,#1750,#1751));
#1748 = ORIENTED_EDGE('',*,*,#119,.T.);
#1749 = ORIENTED_EDGE('',*,*,#947,.T.);
#1750 = ORIENTED_EDGE('',*,*,#79,.F.);
#1751 = ORIENTED_EDGE('',*,*,#143,.F.);
#1752 = PLANE('',#1753);
#1753 = AXIS2_PLACEMENT_3D('',#1754,#1755,#1756);
#1754 = CARTESIAN_POINT('',(107.3912,-51.2572,0.));
#1755 = DIRECTION('',(0.,1.,0.));
#1756 = DIRECTION('',(1.,0.,0.));
#1757 = ADVANCED_FACE('',(#1758),#1769,.F.);
#1758 = FACE_BOUND('',#1759,.T.);
#1759 = EDGE_LOOP('',(#1760,#1761,#1767,#1768));
#1760 = ORIENTED_EDGE('',*,*,#152,.T.);
#1761 = ORIENTED_EDGE('',*,*,#1762,.T.);
#1762 = EDGE_CURVE('',#153,#957,#1763,.T.);
#1763 = LINE('',#1764,#1765);
#1764 = CARTESIAN_POINT('',(112.1664,-100.2148,-4.6E-02));
#1765 = VECTOR('',#1766,1.);
#1766 = DIRECTION('',(0.,0.,1.));
#1767 = ORIENTED_EDGE('',*,*,#956,.F.);
#1768 = ORIENTED_EDGE('',*,*,#1762,.F.);
#1769 = CYLINDRICAL_SURFACE('',#1770,0.85);
#1770 = AXIS2_PLACEMENT_3D('',#1771,#1772,#1773);
#1771 = CARTESIAN_POINT('',(112.1664,-99.3648,-4.6E-02));
#1772 = DIRECTION('',(-0.,-0.,-1.));
#1773 = DIRECTION('',(-1.671865260612E-14,-1.,0.));
#1774 = ADVANCED_FACE('',(#1775),#1786,.F.);
#1775 = FACE_BOUND('',#1776,.T.);
#1776 = EDGE_LOOP('',(#1777,#1778,#1784,#1785));
#1777 = ORIENTED_EDGE('',*,*,#163,.T.);
#1778 = ORIENTED_EDGE('',*,*,#1779,.T.);
#1779 = EDGE_CURVE('',#164,#968,#1780,.T.);
#1780 = LINE('',#1781,#1782);
#1781 = CARTESIAN_POINT('',(113.4364,-97.5748,-4.6E-02));
#1782 = VECTOR('',#1783,1.);
#1783 = DIRECTION('',(0.,0.,1.));
#1784 = ORIENTED_EDGE('',*,*,#967,.F.);
#1785 = ORIENTED_EDGE('',*,*,#1779,.F.);
#1786 = CYLINDRICAL_SURFACE('',#1787,0.75);
#1787 = AXIS2_PLACEMENT_3D('',#1788,#1789,#1790);
#1788 = CARTESIAN_POINT('',(113.4364,-96.8248,-4.6E-02));
#1789 = DIRECTION('',(-0.,-0.,-1.));
#1790 = DIRECTION('',(-0.,-1.,0.));
#1791 = ADVANCED_FACE('',(#1792),#1803,.F.);
#1792 = FACE_BOUND('',#1793,.T.);
#1793 = EDGE_LOOP('',(#1794,#1795,#1801,#1802));
#1794 = ORIENTED_EDGE('',*,*,#174,.T.);
#1795 = ORIENTED_EDGE('',*,*,#1796,.T.);
#1796 = EDGE_CURVE('',#175,#979,#1797,.T.);
#1797 = LINE('',#1798,#1799);
#1798 = CARTESIAN_POINT('',(117.2464,-101.3648,-4.6E-02));
#1799 = VECTOR('',#1800,1.);
#1800 = DIRECTION('',(0.,0.,1.));
#1801 = ORIENTED_EDGE('',*,*,#978,.F.);
#1802 = ORIENTED_EDGE('',*,*,#1796,.F.);
#1803 = CYLINDRICAL_SURFACE('',#1804,2.);
#1804 = AXIS2_PLACEMENT_3D('',#1805,#1806,#1807);
#1805 = CARTESIAN_POINT('',(117.2464,-99.3648,-4.6E-02));
#1806 = DIRECTION('',(-0.,-0.,-1.));
#1807 = DIRECTION('',(-0.,-1.,0.));
#1808 = ADVANCED_FACE('',(#1809),#1820,.F.);
#1809 = FACE_BOUND('',#1810,.T.);
#1810 = EDGE_LOOP('',(#1811,#1812,#1818,#1819));
#1811 = ORIENTED_EDGE('',*,*,#185,.T.);
#1812 = ORIENTED_EDGE('',*,*,#1813,.T.);
#1813 = EDGE_CURVE('',#186,#990,#1814,.T.);
#1814 = LINE('',#1815,#1816);
#1815 = CARTESIAN_POINT('',(122.3264,-100.2148,-4.6E-02));
#1816 = VECTOR('',#1817,1.);
#1817 = DIRECTION('',(0.,0.,1.));
#1818 = ORIENTED_EDGE('',*,*,#989,.F.);
#1819 = ORIENTED_EDGE('',*,*,#1813,.F.);
#1820 = CYLINDRICAL_SURFACE('',#1821,0.85);
#1821 = AXIS2_PLACEMENT_3D('',#1822,#1823,#1824);
#1822 = CARTESIAN_POINT('',(122.3264,-99.3648,-4.6E-02));
#1823 = DIRECTION('',(-0.,-0.,-1.));
#1824 = DIRECTION('',(-0.,-1.,0.));
#1825 = ADVANCED_FACE('',(#1826),#1837,.F.);
#1826 = FACE_BOUND('',#1827,.T.);
#1827 = EDGE_LOOP('',(#1828,#1829,#1835,#1836));
#1828 = ORIENTED_EDGE('',*,*,#196,.T.);
#1829 = ORIENTED_EDGE('',*,*,#1830,.T.);
#1830 = EDGE_CURVE('',#197,#1001,#1831,.T.);
#1831 = LINE('',#1832,#1833);
#1832 = CARTESIAN_POINT('',(119.7864,-95.0348,-4.6E-02));
#1833 = VECTOR('',#1834,1.);
#1834 = DIRECTION('',(0.,0.,1.));
#1835 = ORIENTED_EDGE('',*,*,#1000,.F.);
#1836 = ORIENTED_EDGE('',*,*,#1830,.F.);
#1837 = CYLINDRICAL_SURFACE('',#1838,0.75);
#1838 = AXIS2_PLACEMENT_3D('',#1839,#1840,#1841);
#1839 = CARTESIAN_POINT('',(119.7864,-94.2848,-4.6E-02));
#1840 = DIRECTION('',(-0.,-0.,-1.));
#1841 = DIRECTION('',(-0.,-1.,0.));
#1842 = ADVANCED_FACE('',(#1843),#1854,.F.);
#1843 = FACE_BOUND('',#1844,.T.);
#1844 = EDGE_LOOP('',(#1845,#1846,#1852,#1853));
#1845 = ORIENTED_EDGE('',*,*,#207,.T.);
#1846 = ORIENTED_EDGE('',*,*,#1847,.T.);
#1847 = EDGE_CURVE('',#208,#1012,#1848,.T.);
#1848 = LINE('',#1849,#1850);
#1849 = CARTESIAN_POINT('',(131.2164,-100.2148,-4.6E-02));
#1850 = VECTOR('',#1851,1.);
#1851 = DIRECTION('',(0.,0.,1.));
#1852 = ORIENTED_EDGE('',*,*,#1011,.F.);
#1853 = ORIENTED_EDGE('',*,*,#1847,.F.);
#1854 = CYLINDRICAL_SURFACE('',#1855,0.85);
#1855 = AXIS2_PLACEMENT_3D('',#1856,#1857,#1858);
#1856 = CARTESIAN_POINT('',(131.2164,-99.3648,-4.6E-02));
#1857 = DIRECTION('',(-0.,-0.,-1.));
#1858 = DIRECTION('',(-0.,-1.,0.));
#1859 = ADVANCED_FACE('',(#1860),#1871,.F.);
#1860 = FACE_BOUND('',#1861,.T.);
#1861 = EDGE_LOOP('',(#1862,#1863,#1869,#1870));
#1862 = ORIENTED_EDGE('',*,*,#218,.T.);
#1863 = ORIENTED_EDGE('',*,*,#1864,.T.);
#1864 = EDGE_CURVE('',#219,#1023,#1865,.T.);
#1865 = LINE('',#1866,#1867);
#1866 = CARTESIAN_POINT('',(132.4864,-97.5748,-4.6E-02));
#1867 = VECTOR('',#1868,1.);
#1868 = DIRECTION('',(0.,0.,1.));
#1869 = ORIENTED_EDGE('',*,*,#1022,.F.);
#1870 = ORIENTED_EDGE('',*,*,#1864,.F.);
#1871 = CYLINDRICAL_SURFACE('',#1872,0.75);
#1872 = AXIS2_PLACEMENT_3D('',#1873,#1874,#1875);
#1873 = CARTESIAN_POINT('',(132.4864,-96.8248,-4.6E-02));
#1874 = DIRECTION('',(-0.,-0.,-1.));
#1875 = DIRECTION('',(-0.,-1.,0.));
#1876 = ADVANCED_FACE('',(#1877),#1888,.F.);
#1877 = FACE_BOUND('',#1878,.T.);
#1878 = EDGE_LOOP('',(#1879,#1880,#1886,#1887));
#1879 = ORIENTED_EDGE('',*,*,#229,.T.);
#1880 = ORIENTED_EDGE('',*,*,#1881,.T.);
#1881 = EDGE_CURVE('',#230,#1034,#1882,.T.);
#1882 = LINE('',#1883,#1884);
#1883 = CARTESIAN_POINT('',(136.2964,-101.3648,-4.6E-02));
#1884 = VECTOR('',#1885,1.);
#1885 = DIRECTION('',(0.,0.,1.));
#1886 = ORIENTED_EDGE('',*,*,#1033,.F.);
#1887 = ORIENTED_EDGE('',*,*,#1881,.F.);
#1888 = CYLINDRICAL_SURFACE('',#1889,2.);
#1889 = AXIS2_PLACEMENT_3D('',#1890,#1891,#1892);
#1890 = CARTESIAN_POINT('',(136.2964,-99.3648,-4.6E-02));
#1891 = DIRECTION('',(-0.,-0.,-1.));
#1892 = DIRECTION('',(-0.,-1.,0.));
#1893 = ADVANCED_FACE('',(#1894),#1905,.F.);
#1894 = FACE_BOUND('',#1895,.T.);
#1895 = EDGE_LOOP('',(#1896,#1897,#1903,#1904));
#1896 = ORIENTED_EDGE('',*,*,#240,.T.);
#1897 = ORIENTED_EDGE('',*,*,#1898,.T.);
#1898 = EDGE_CURVE('',#241,#1045,#1899,.T.);
#1899 = LINE('',#1900,#1901);
#1900 = CARTESIAN_POINT('',(141.3764,-100.2148,-4.6E-02));
#1901 = VECTOR('',#1902,1.);
#1902 = DIRECTION('',(0.,0.,1.));
#1903 = ORIENTED_EDGE('',*,*,#1044,.F.);
#1904 = ORIENTED_EDGE('',*,*,#1898,.F.);
#1905 = CYLINDRICAL_SURFACE('',#1906,0.85);
#1906 = AXIS2_PLACEMENT_3D('',#1907,#1908,#1909);
#1907 = CARTESIAN_POINT('',(141.3764,-99.3648,-4.6E-02));
#1908 = DIRECTION('',(-0.,-0.,-1.));
#1909 = DIRECTION('',(-0.,-1.,0.));
#1910 = ADVANCED_FACE('',(#1911),#1922,.F.);
#1911 = FACE_BOUND('',#1912,.T.);
#1912 = EDGE_LOOP('',(#1913,#1914,#1920,#1921));
#1913 = ORIENTED_EDGE('',*,*,#251,.T.);
#1914 = ORIENTED_EDGE('',*,*,#1915,.T.);
#1915 = EDGE_CURVE('',#252,#1056,#1916,.T.);
#1916 = LINE('',#1917,#1918);
#1917 = CARTESIAN_POINT('',(138.8364,-95.0348,-4.6E-02));
#1918 = VECTOR('',#1919,1.);
#1919 = DIRECTION('',(0.,0.,1.));
#1920 = ORIENTED_EDGE('',*,*,#1055,.F.);
#1921 = ORIENTED_EDGE('',*,*,#1915,.F.);
#1922 = CYLINDRICAL_SURFACE('',#1923,0.75);
#1923 = AXIS2_PLACEMENT_3D('',#1924,#1925,#1926);
#1924 = CARTESIAN_POINT('',(138.8364,-94.2848,-4.6E-02));
#1925 = DIRECTION('',(-0.,-0.,-1.));
#1926 = DIRECTION('',(-0.,-1.,0.));
#1927 = ADVANCED_FACE('',(#1928),#1939,.F.);
#1928 = FACE_BOUND('',#1929,.T.);
#1929 = EDGE_LOOP('',(#1930,#1931,#1937,#1938));
#1930 = ORIENTED_EDGE('',*,*,#262,.T.);
#1931 = ORIENTED_EDGE('',*,*,#1932,.T.);
#1932 = EDGE_CURVE('',#263,#1067,#1933,.T.);
#1933 = LINE('',#1934,#1935);
#1934 = CARTESIAN_POINT('',(150.368,-100.2148,-4.6E-02));
#1935 = VECTOR('',#1936,1.);
#1936 = DIRECTION('',(0.,0.,1.));
#1937 = ORIENTED_EDGE('',*,*,#1066,.F.);
#1938 = ORIENTED_EDGE('',*,*,#1932,.F.);
#1939 = CYLINDRICAL_SURFACE('',#1940,0.85);
#1940 = AXIS2_PLACEMENT_3D('',#1941,#1942,#1943);
#1941 = CARTESIAN_POINT('',(150.368,-99.3648,-4.6E-02));
#1942 = DIRECTION('',(-0.,-0.,-1.));
#1943 = DIRECTION('',(-0.,-1.,0.));
#1944 = ADVANCED_FACE('',(#1945),#1956,.F.);
#1945 = FACE_BOUND('',#1946,.T.);
#1946 = EDGE_LOOP('',(#1947,#1948,#1954,#1955));
#1947 = ORIENTED_EDGE('',*,*,#273,.T.);
#1948 = ORIENTED_EDGE('',*,*,#1949,.T.);
#1949 = EDGE_CURVE('',#274,#1078,#1950,.T.);
#1950 = LINE('',#1951,#1952);
#1951 = CARTESIAN_POINT('',(155.448,-101.3648,-4.6E-02));
#1952 = VECTOR('',#1953,1.);
#1953 = DIRECTION('',(0.,0.,1.));
#1954 = ORIENTED_EDGE('',*,*,#1077,.F.);
#1955 = ORIENTED_EDGE('',*,*,#1949,.F.);
#1956 = CYLINDRICAL_SURFACE('',#1957,2.);
#1957 = AXIS2_PLACEMENT_3D('',#1958,#1959,#1960);
#1958 = CARTESIAN_POINT('',(155.448,-99.3648,-4.6E-02));
#1959 = DIRECTION('',(-0.,-0.,-1.));
#1960 = DIRECTION('',(-0.,-1.,0.));
#1961 = ADVANCED_FACE('',(#1962),#1973,.F.);
#1962 = FACE_BOUND('',#1963,.T.);
#1963 = EDGE_LOOP('',(#1964,#1965,#1971,#1972));
#1964 = ORIENTED_EDGE('',*,*,#284,.T.);
#1965 = ORIENTED_EDGE('',*,*,#1966,.T.);
#1966 = EDGE_CURVE('',#285,#1089,#1967,.T.);
#1967 = LINE('',#1968,#1969);
#1968 = CARTESIAN_POINT('',(151.638,-97.5748,-4.6E-02));
#1969 = VECTOR('',#1970,1.);
#1970 = DIRECTION('',(0.,0.,1.));
#1971 = ORIENTED_EDGE('',*,*,#1088,.F.);
#1972 = ORIENTED_EDGE('',*,*,#1966,.F.);
#1973 = CYLINDRICAL_SURFACE('',#1974,0.75);
#1974 = AXIS2_PLACEMENT_3D('',#1975,#1976,#1977);
#1975 = CARTESIAN_POINT('',(151.638,-96.8248,-4.6E-02));
#1976 = DIRECTION('',(-0.,-0.,-1.));
#1977 = DIRECTION('',(-0.,-1.,0.));
#1978 = ADVANCED_FACE('',(#1979),#1990,.F.);
#1979 = FACE_BOUND('',#1980,.T.);
#1980 = EDGE_LOOP('',(#1981,#1982,#1988,#1989));
#1981 = ORIENTED_EDGE('',*,*,#295,.T.);
#1982 = ORIENTED_EDGE('',*,*,#1983,.T.);
#1983 = EDGE_CURVE('',#296,#1100,#1984,.T.);
#1984 = LINE('',#1985,#1986);
#1985 = CARTESIAN_POINT('',(169.6212,-100.3164,-4.6E-02));
#1986 = VECTOR('',#1987,1.);
#1987 = DIRECTION('',(0.,0.,1.));
#1988 = ORIENTED_EDGE('',*,*,#1099,.F.);
#1989 = ORIENTED_EDGE('',*,*,#1983,.F.);
#1990 = CYLINDRICAL_SURFACE('',#1991,0.85);
#1991 = AXIS2_PLACEMENT_3D('',#1992,#1993,#1994);
#1992 = CARTESIAN_POINT('',(169.6212,-99.4664,-4.6E-02));
#1993 = DIRECTION('',(-0.,-0.,-1.));
#1994 = DIRECTION('',(-0.,-1.,0.));
#1995 = ADVANCED_FACE('',(#1996),#2007,.F.);
#1996 = FACE_BOUND('',#1997,.T.);
#1997 = EDGE_LOOP('',(#1998,#1999,#2005,#2006));
#1998 = ORIENTED_EDGE('',*,*,#306,.T.);
#1999 = ORIENTED_EDGE('',*,*,#2000,.T.);
#2000 = EDGE_CURVE('',#307,#1111,#2001,.T.);
#2001 = LINE('',#2002,#2003);
#2002 = CARTESIAN_POINT('',(174.7012,-101.4664,-4.6E-02));
#2003 = VECTOR('',#2004,1.);
#2004 = DIRECTION('',(0.,0.,1.));
#2005 = ORIENTED_EDGE('',*,*,#1110,.F.);
#2006 = ORIENTED_EDGE('',*,*,#2000,.F.);
#2007 = CYLINDRICAL_SURFACE('',#2008,2.);
#2008 = AXIS2_PLACEMENT_3D('',#2009,#2010,#2011);
#2009 = CARTESIAN_POINT('',(174.7012,-99.4664,-4.6E-02));
#2010 = DIRECTION('',(-0.,-0.,-1.));
#2011 = DIRECTION('',(-0.,-1.,0.));
#2012 = ADVANCED_FACE('',(#2013),#2024,.F.);
#2013 = FACE_BOUND('',#2014,.T.);
#2014 = EDGE_LOOP('',(#2015,#2016,#2022,#2023));
#2015 = ORIENTED_EDGE('',*,*,#317,.T.);
#2016 = ORIENTED_EDGE('',*,*,#2017,.T.);
#2017 = EDGE_CURVE('',#318,#1122,#2018,.T.);
#2018 = LINE('',#2019,#2020);
#2019 = CARTESIAN_POINT('',(160.528,-100.2148,-4.6E-02));
#2020 = VECTOR('',#2021,1.);
#2021 = DIRECTION('',(0.,0.,1.));
#2022 = ORIENTED_EDGE('',*,*,#1121,.F.);
#2023 = ORIENTED_EDGE('',*,*,#2017,.F.);
#2024 = CYLINDRICAL_SURFACE('',#2025,0.85);
#2025 = AXIS2_PLACEMENT_3D('',#2026,#2027,#2028);
#2026 = CARTESIAN_POINT('',(160.528,-99.3648,-4.6E-02));
#2027 = DIRECTION('',(-0.,-0.,-1.));
#2028 = DIRECTION('',(-0.,-1.,0.));
#2029 = ADVANCED_FACE('',(#2030),#2041,.F.);
#2030 = FACE_BOUND('',#2031,.T.);
#2031 = EDGE_LOOP('',(#2032,#2033,#2039,#2040));
#2032 = ORIENTED_EDGE('',*,*,#328,.T.);
#2033 = ORIENTED_EDGE('',*,*,#2034,.T.);
#2034 = EDGE_CURVE('',#329,#1133,#2035,.T.);
#2035 = LINE('',#2036,#2037);
#2036 = CARTESIAN_POINT('',(157.988,-95.0348,-4.6E-02));
#2037 = VECTOR('',#2038,1.);
#2038 = DIRECTION('',(0.,0.,1.));
#2039 = ORIENTED_EDGE('',*,*,#1132,.F.);
#2040 = ORIENTED_EDGE('',*,*,#2034,.F.);
#2041 = CYLINDRICAL_SURFACE('',#2042,0.75);
#2042 = AXIS2_PLACEMENT_3D('',#2043,#2044,#2045);
#2043 = CARTESIAN_POINT('',(157.988,-94.2848,-4.6E-02));
#2044 = DIRECTION('',(-0.,-0.,-1.));
#2045 = DIRECTION('',(-0.,-1.,0.));
#2046 = ADVANCED_FACE('',(#2047),#2058,.F.);
#2047 = FACE_BOUND('',#2048,.T.);
#2048 = EDGE_LOOP('',(#2049,#2050,#2056,#2057));
#2049 = ORIENTED_EDGE('',*,*,#339,.T.);
#2050 = ORIENTED_EDGE('',*,*,#2051,.T.);
#2051 = EDGE_CURVE('',#340,#1144,#2052,.T.);
#2052 = LINE('',#2053,#2054);
#2053 = CARTESIAN_POINT('',(170.8912,-97.6764,-4.6E-02));
#2054 = VECTOR('',#2055,1.);
#2055 = DIRECTION('',(0.,0.,1.));
#2056 = ORIENTED_EDGE('',*,*,#1143,.F.);
#2057 = ORIENTED_EDGE('',*,*,#2051,.F.);
#2058 = CYLINDRICAL_SURFACE('',#2059,0.75);
#2059 = AXIS2_PLACEMENT_3D('',#2060,#2061,#2062);
#2060 = CARTESIAN_POINT('',(170.8912,-96.9264,-4.6E-02));
#2061 = DIRECTION('',(-0.,-0.,-1.));
#2062 = DIRECTION('',(-0.,-1.,0.));
#2063 = ADVANCED_FACE('',(#2064),#2075,.F.);
#2064 = FACE_BOUND('',#2065,.T.);
#2065 = EDGE_LOOP('',(#2066,#2067,#2073,#2074));
#2066 = ORIENTED_EDGE('',*,*,#350,.T.);
#2067 = ORIENTED_EDGE('',*,*,#2068,.T.);
#2068 = EDGE_CURVE('',#351,#1155,#2069,.T.);
#2069 = LINE('',#2070,#2071);
#2070 = CARTESIAN_POINT('',(177.2412,-95.1364,-4.6E-02));
#2071 = VECTOR('',#2072,1.);
#2072 = DIRECTION('',(0.,0.,1.));
#2073 = ORIENTED_EDGE('',*,*,#1154,.F.);
#2074 = ORIENTED_EDGE('',*,*,#2068,.F.);
#2075 = CYLINDRICAL_SURFACE('',#2076,0.75);
#2076 = AXIS2_PLACEMENT_3D('',#2077,#2078,#2079);
#2077 = CARTESIAN_POINT('',(177.2412,-94.3864,-4.6E-02));
#2078 = DIRECTION('',(-0.,-0.,-1.));
#2079 = DIRECTION('',(-0.,-1.,0.));
#2080 = ADVANCED_FACE('',(#2081),#2092,.F.);
#2081 = FACE_BOUND('',#2082,.T.);
#2082 = EDGE_LOOP('',(#2083,#2084,#2090,#2091));
#2083 = ORIENTED_EDGE('',*,*,#361,.T.);
#2084 = ORIENTED_EDGE('',*,*,#2085,.T.);
#2085 = EDGE_CURVE('',#362,#1166,#2086,.T.);
#2086 = LINE('',#2087,#2088);
#2087 = CARTESIAN_POINT('',(179.7812,-100.3164,-4.6E-02));
#2088 = VECTOR('',#2089,1.);
#2089 = DIRECTION('',(0.,0.,1.));
#2090 = ORIENTED_EDGE('',*,*,#1165,.F.);
#2091 = ORIENTED_EDGE('',*,*,#2085,.F.);
#2092 = CYLINDRICAL_SURFACE('',#2093,0.85);
#2093 = AXIS2_PLACEMENT_3D('',#2094,#2095,#2096);
#2094 = CARTESIAN_POINT('',(179.7812,-99.4664,-4.6E-02));
#2095 = DIRECTION('',(-0.,-0.,-1.));
#2096 = DIRECTION('',(-0.,-1.,0.));
#2097 = ADVANCED_FACE('',(#2098),#2109,.F.);
#2098 = FACE_BOUND('',#2099,.T.);
#2099 = EDGE_LOOP('',(#2100,#2101,#2107,#2108));
#2100 = ORIENTED_EDGE('',*,*,#372,.T.);
#2101 = ORIENTED_EDGE('',*,*,#2102,.T.);
#2102 = EDGE_CURVE('',#373,#1177,#2103,.T.);
#2103 = LINE('',#2104,#2105);
#2104 = CARTESIAN_POINT('',(186.7084,-102.3768,-4.6E-02));
#2105 = VECTOR('',#2106,1.);
#2106 = DIRECTION('',(0.,0.,1.));
#2107 = ORIENTED_EDGE('',*,*,#1176,.F.);
#2108 = ORIENTED_EDGE('',*,*,#2102,.F.);
#2109 = CYLINDRICAL_SURFACE('',#2110,0.5);
#2110 = AXIS2_PLACEMENT_3D('',#2111,#2112,#2113);
#2111 = CARTESIAN_POINT('',(186.7084,-101.8768,-4.6E-02));
#2112 = DIRECTION('',(-0.,-0.,-1.));
#2113 = DIRECTION('',(-0.,-1.,0.));
#2114 = ADVANCED_FACE('',(#2115),#2131,.F.);
#2115 = FACE_BOUND('',#2116,.T.);
#2116 = EDGE_LOOP('',(#2117,#2118,#2124,#2125));
#2117 = ORIENTED_EDGE('',*,*,#383,.T.);
#2118 = ORIENTED_EDGE('',*,*,#2119,.T.);
#2119 = EDGE_CURVE('',#386,#1190,#2120,.T.);
#2120 = LINE('',#2121,#2122);
#2121 = CARTESIAN_POINT('',(194.8584,-105.7268,-4.6E-02));
#2122 = VECTOR('',#2123,1.);
#2123 = DIRECTION('',(0.,0.,1.));
#2124 = ORIENTED_EDGE('',*,*,#1187,.F.);
#2125 = ORIENTED_EDGE('',*,*,#2126,.F.);
#2126 = EDGE_CURVE('',#384,#1188,#2127,.T.);
#2127 = LINE('',#2128,#2129);
#2128 = CARTESIAN_POINT('',(194.8584,-104.2268,-4.6E-02));
#2129 = VECTOR('',#2130,1.);
#2130 = DIRECTION('',(0.,0.,1.));
#2131 = CYLINDRICAL_SURFACE('',#2132,0.75);
#2132 = AXIS2_PLACEMENT_3D('',#2133,#2134,#2135);
#2133 = CARTESIAN_POINT('',(194.8584,-104.9768,-4.6E-02));
#2134 = DIRECTION('',(-0.,-0.,-1.));
#2135 = DIRECTION('',(-0.,-1.,0.));
#2136 = ADVANCED_FACE('',(#2137),#2148,.T.);
#2137 = FACE_BOUND('',#2138,.T.);
#2138 = EDGE_LOOP('',(#2139,#2140,#2141,#2142));
#2139 = ORIENTED_EDGE('',*,*,#411,.T.);
#2140 = ORIENTED_EDGE('',*,*,#2126,.T.);
#2141 = ORIENTED_EDGE('',*,*,#1215,.F.);
#2142 = ORIENTED_EDGE('',*,*,#2143,.F.);
#2143 = EDGE_CURVE('',#403,#1207,#2144,.T.);
#2144 = LINE('',#2145,#2146);
#2145 = CARTESIAN_POINT('',(193.5584,-104.2268,-4.6E-02));
#2146 = VECTOR('',#2147,1.);
#2147 = DIRECTION('',(0.,0.,1.));
#2148 = PLANE('',#2149);
#2149 = AXIS2_PLACEMENT_3D('',#2150,#2151,#2152);
#2150 = CARTESIAN_POINT('',(194.8584,-104.2268,-4.6E-02));
#2151 = DIRECTION('',(0.,-1.,0.));
#2152 = DIRECTION('',(-1.,0.,0.));
#2153 = ADVANCED_FACE('',(#2154),#2165,.F.);
#2154 = FACE_BOUND('',#2155,.T.);
#2155 = EDGE_LOOP('',(#2156,#2157,#2158,#2159));
#2156 = ORIENTED_EDGE('',*,*,#402,.T.);
#2157 = ORIENTED_EDGE('',*,*,#2143,.T.);
#2158 = ORIENTED_EDGE('',*,*,#1206,.F.);
#2159 = ORIENTED_EDGE('',*,*,#2160,.F.);
#2160 = EDGE_CURVE('',#395,#1199,#2161,.T.);
#2161 = LINE('',#2162,#2163);
#2162 = CARTESIAN_POINT('',(193.5584,-105.7268,-4.6E-02));
#2163 = VECTOR('',#2164,1.);
#2164 = DIRECTION('',(0.,0.,1.));
#2165 = CYLINDRICAL_SURFACE('',#2166,0.75);
#2166 = AXIS2_PLACEMENT_3D('',#2167,#2168,#2169);
#2167 = CARTESIAN_POINT('',(193.5584,-104.9768,-4.6E-02));
#2168 = DIRECTION('',(-0.,0.,-1.));
#2169 = DIRECTION('',(0.,1.,0.));
#2170 = ADVANCED_FACE('',(#2171),#2177,.T.);
#2171 = FACE_BOUND('',#2172,.T.);
#2172 = EDGE_LOOP('',(#2173,#2174,#2175,#2176));
#2173 = ORIENTED_EDGE('',*,*,#394,.T.);
#2174 = ORIENTED_EDGE('',*,*,#2160,.T.);
#2175 = ORIENTED_EDGE('',*,*,#1198,.F.);
#2176 = ORIENTED_EDGE('',*,*,#2119,.F.);
#2177 = PLANE('',#2178);
#2178 = AXIS2_PLACEMENT_3D('',#2179,#2180,#2181);
#2179 = CARTESIAN_POINT('',(193.5584,-105.7268,-4.6E-02));
#2180 = DIRECTION('',(0.,1.,0.));
#2181 = DIRECTION('',(1.,0.,0.));
#2182 = ADVANCED_FACE('',(#2183),#2194,.F.);
#2183 = FACE_BOUND('',#2184,.T.);
#2184 = EDGE_LOOP('',(#2185,#2186,#2192,#2193));
#2185 = ORIENTED_EDGE('',*,*,#419,.T.);
#2186 = ORIENTED_EDGE('',*,*,#2187,.T.);
#2187 = EDGE_CURVE('',#420,#1224,#2188,.T.);
#2188 = LINE('',#2189,#2190);
#2189 = CARTESIAN_POINT('',(201.2084,-102.3768,-4.6E-02));
#2190 = VECTOR('',#2191,1.);
#2191 = DIRECTION('',(0.,0.,1.));
#2192 = ORIENTED_EDGE('',*,*,#1223,.F.);
#2193 = ORIENTED_EDGE('',*,*,#2187,.F.);
#2194 = CYLINDRICAL_SURFACE('',#2195,0.5);
#2195 = AXIS2_PLACEMENT_3D('',#2196,#2197,#2198);
#2196 = CARTESIAN_POINT('',(201.2084,-101.8768,-4.6E-02));
#2197 = DIRECTION('',(-0.,-0.,-1.));
#2198 = DIRECTION('',(-0.,-1.,0.));
#2199 = ADVANCED_FACE('',(#2200),#2211,.F.);
#2200 = FACE_BOUND('',#2201,.T.);
#2201 = EDGE_LOOP('',(#2202,#2203,#2209,#2210));
#2202 = ORIENTED_EDGE('',*,*,#430,.T.);
#2203 = ORIENTED_EDGE('',*,*,#2204,.T.);
#2204 = EDGE_CURVE('',#431,#1235,#2205,.T.);
#2205 = LINE('',#2206,#2207);
#2206 = CARTESIAN_POINT('',(186.7084,-99.8768,-4.6E-02));
#2207 = VECTOR('',#2208,1.);
#2208 = DIRECTION('',(0.,0.,1.));
#2209 = ORIENTED_EDGE('',*,*,#1234,.F.);
#2210 = ORIENTED_EDGE('',*,*,#2204,.F.);
#2211 = CYLINDRICAL_SURFACE('',#2212,0.5);
#2212 = AXIS2_PLACEMENT_3D('',#2213,#2214,#2215);
#2213 = CARTESIAN_POINT('',(186.7084,-99.3768,-4.6E-02));
#2214 = DIRECTION('',(-0.,-0.,-1.));
#2215 = DIRECTION('',(-0.,-1.,0.));
#2216 = ADVANCED_FACE('',(#2217),#2228,.F.);
#2217 = FACE_BOUND('',#2218,.T.);
#2218 = EDGE_LOOP('',(#2219,#2220,#2226,#2227));
#2219 = ORIENTED_EDGE('',*,*,#441,.T.);
#2220 = ORIENTED_EDGE('',*,*,#2221,.T.);
#2221 = EDGE_CURVE('',#442,#1246,#2222,.T.);
#2222 = LINE('',#2223,#2224);
#2223 = CARTESIAN_POINT('',(186.7084,-97.3768,-4.6E-02));
#2224 = VECTOR('',#2225,1.);
#2225 = DIRECTION('',(0.,0.,1.));
#2226 = ORIENTED_EDGE('',*,*,#1245,.F.);
#2227 = ORIENTED_EDGE('',*,*,#2221,.F.);
#2228 = CYLINDRICAL_SURFACE('',#2229,0.5);
#2229 = AXIS2_PLACEMENT_3D('',#2230,#2231,#2232);
#2230 = CARTESIAN_POINT('',(186.7084,-96.8768,-4.6E-02));
#2231 = DIRECTION('',(-0.,-0.,-1.));
#2232 = DIRECTION('',(-0.,-1.,0.));
#2233 = ADVANCED_FACE('',(#2234),#2245,.F.);
#2234 = FACE_BOUND('',#2235,.T.);
#2235 = EDGE_LOOP('',(#2236,#2237,#2243,#2244));
#2236 = ORIENTED_EDGE('',*,*,#452,.T.);
#2237 = ORIENTED_EDGE('',*,*,#2238,.T.);
#2238 = EDGE_CURVE('',#453,#1257,#2239,.T.);
#2239 = LINE('',#2240,#2241);
#2240 = CARTESIAN_POINT('',(201.2084,-97.3768,-4.6E-02));
#2241 = VECTOR('',#2242,1.);
#2242 = DIRECTION('',(0.,0.,1.));
#2243 = ORIENTED_EDGE('',*,*,#1256,.F.);
#2244 = ORIENTED_EDGE('',*,*,#2238,.F.);
#2245 = CYLINDRICAL_SURFACE('',#2246,0.5);
#2246 = AXIS2_PLACEMENT_3D('',#2247,#2248,#2249);
#2247 = CARTESIAN_POINT('',(201.2084,-96.8768,-4.6E-02));
#2248 = DIRECTION('',(-0.,-0.,-1.));
#2249 = DIRECTION('',(-0.,-1.,0.));
#2250 = ADVANCED_FACE('',(#2251),#2267,.F.);
#2251 = FACE_BOUND('',#2252,.T.);
#2252 = EDGE_LOOP('',(#2253,#2254,#2260,#2261));
#2253 = ORIENTED_EDGE('',*,*,#463,.T.);
#2254 = ORIENTED_EDGE('',*,*,#2255,.T.);
#2255 = EDGE_CURVE('',#466,#1270,#2256,.T.);
#2256 = LINE('',#2257,#2258);
#2257 = CARTESIAN_POINT('',(194.8584,-94.5268,-4.6E-02));
#2258 = VECTOR('',#2259,1.);
#2259 = DIRECTION('',(0.,0.,1.));
#2260 = ORIENTED_EDGE('',*,*,#1267,.F.);
#2261 = ORIENTED_EDGE('',*,*,#2262,.F.);
#2262 = EDGE_CURVE('',#464,#1268,#2263,.T.);
#2263 = LINE('',#2264,#2265);
#2264 = CARTESIAN_POINT('',(194.8584,-93.0268,-4.6E-02));
#2265 = VECTOR('',#2266,1.);
#2266 = DIRECTION('',(0.,0.,1.));
#2267 = CYLINDRICAL_SURFACE('',#2268,0.75);
#2268 = AXIS2_PLACEMENT_3D('',#2269,#2270,#2271);
#2269 = CARTESIAN_POINT('',(194.8584,-93.7768,-4.6E-02));
#2270 = DIRECTION('',(-0.,-0.,-1.));
#2271 = DIRECTION('',(-0.,-1.,0.));
#2272 = ADVANCED_FACE('',(#2273),#2284,.T.);
#2273 = FACE_BOUND('',#2274,.T.);
#2274 = EDGE_LOOP('',(#2275,#2276,#2277,#2278));
#2275 = ORIENTED_EDGE('',*,*,#491,.T.);
#2276 = ORIENTED_EDGE('',*,*,#2262,.T.);
#2277 = ORIENTED_EDGE('',*,*,#1295,.F.);
#2278 = ORIENTED_EDGE('',*,*,#2279,.F.);
#2279 = EDGE_CURVE('',#483,#1287,#2280,.T.);
#2280 = LINE('',#2281,#2282);
#2281 = CARTESIAN_POINT('',(193.5584,-93.0268,-4.6E-02));
#2282 = VECTOR('',#2283,1.);
#2283 = DIRECTION('',(0.,0.,1.));
#2284 = PLANE('',#2285);
#2285 = AXIS2_PLACEMENT_3D('',#2286,#2287,#2288);
#2286 = CARTESIAN_POINT('',(194.8584,-93.0268,-4.6E-02));
#2287 = DIRECTION('',(0.,-1.,0.));
#2288 = DIRECTION('',(-1.,0.,0.));
#2289 = ADVANCED_FACE('',(#2290),#2301,.F.);
#2290 = FACE_BOUND('',#2291,.T.);
#2291 = EDGE_LOOP('',(#2292,#2293,#2294,#2295));
#2292 = ORIENTED_EDGE('',*,*,#482,.T.);
#2293 = ORIENTED_EDGE('',*,*,#2279,.T.);
#2294 = ORIENTED_EDGE('',*,*,#1286,.F.);
#2295 = ORIENTED_EDGE('',*,*,#2296,.F.);
#2296 = EDGE_CURVE('',#475,#1279,#2297,.T.);
#2297 = LINE('',#2298,#2299);
#2298 = CARTESIAN_POINT('',(193.5584,-94.5268,-4.6E-02));
#2299 = VECTOR('',#2300,1.);
#2300 = DIRECTION('',(0.,0.,1.));
#2301 = CYLINDRICAL_SURFACE('',#2302,0.75);
#2302 = AXIS2_PLACEMENT_3D('',#2303,#2304,#2305);
#2303 = CARTESIAN_POINT('',(193.5584,-93.7768,-4.6E-02));
#2304 = DIRECTION('',(-0.,0.,-1.));
#2305 = DIRECTION('',(0.,1.,0.));
#2306 = ADVANCED_FACE('',(#2307),#2313,.T.);
#2307 = FACE_BOUND('',#2308,.T.);
#2308 = EDGE_LOOP('',(#2309,#2310,#2311,#2312));
#2309 = ORIENTED_EDGE('',*,*,#474,.T.);
#2310 = ORIENTED_EDGE('',*,*,#2296,.T.);
#2311 = ORIENTED_EDGE('',*,*,#1278,.F.);
#2312 = ORIENTED_EDGE('',*,*,#2255,.F.);
#2313 = PLANE('',#2314);
#2314 = AXIS2_PLACEMENT_3D('',#2315,#2316,#2317);
#2315 = CARTESIAN_POINT('',(193.5584,-94.5268,-4.6E-02));
#2316 = DIRECTION('',(0.,1.,0.));
#2317 = DIRECTION('',(1.,0.,0.));
#2318 = ADVANCED_FACE('',(#2319),#2330,.F.);
#2319 = FACE_BOUND('',#2320,.T.);
#2320 = EDGE_LOOP('',(#2321,#2322,#2328,#2329));
#2321 = ORIENTED_EDGE('',*,*,#499,.T.);
#2322 = ORIENTED_EDGE('',*,*,#2323,.T.);
#2323 = EDGE_CURVE('',#500,#1304,#2324,.T.);
#2324 = LINE('',#2325,#2326);
#2325 = CARTESIAN_POINT('',(112.2172,-81.114,-4.6E-02));
#2326 = VECTOR('',#2327,1.);
#2327 = DIRECTION('',(0.,0.,1.));
#2328 = ORIENTED_EDGE('',*,*,#1303,.F.);
#2329 = ORIENTED_EDGE('',*,*,#2323,.F.);
#2330 = CYLINDRICAL_SURFACE('',#2331,0.85);
#2331 = AXIS2_PLACEMENT_3D('',#2332,#2333,#2334);
#2332 = CARTESIAN_POINT('',(112.2172,-80.264,-4.6E-02));
#2333 = DIRECTION('',(-0.,0.,-1.));
#2334 = DIRECTION('',(1.671865260612E-14,-1.,-0.));
#2335 = ADVANCED_FACE('',(#2336),#2347,.F.);
#2336 = FACE_BOUND('',#2337,.T.);
#2337 = EDGE_LOOP('',(#2338,#2339,#2345,#2346));
#2338 = ORIENTED_EDGE('',*,*,#510,.T.);
#2339 = ORIENTED_EDGE('',*,*,#2340,.T.);
#2340 = EDGE_CURVE('',#511,#1315,#2341,.T.);
#2341 = LINE('',#2342,#2343);
#2342 = CARTESIAN_POINT('',(113.4872,-78.474,-4.6E-02));
#2343 = VECTOR('',#2344,1.);
#2344 = DIRECTION('',(0.,0.,1.));
#2345 = ORIENTED_EDGE('',*,*,#1314,.F.);
#2346 = ORIENTED_EDGE('',*,*,#2340,.F.);
#2347 = CYLINDRICAL_SURFACE('',#2348,0.75);
#2348 = AXIS2_PLACEMENT_3D('',#2349,#2350,#2351);
#2349 = CARTESIAN_POINT('',(113.4872,-77.724,-4.6E-02));
#2350 = DIRECTION('',(-0.,-0.,-1.));
#2351 = DIRECTION('',(-0.,-1.,0.));
#2352 = ADVANCED_FACE('',(#2353),#2364,.F.);
#2353 = FACE_BOUND('',#2354,.T.);
#2354 = EDGE_LOOP('',(#2355,#2356,#2362,#2363));
#2355 = ORIENTED_EDGE('',*,*,#521,.T.);
#2356 = ORIENTED_EDGE('',*,*,#2357,.T.);
#2357 = EDGE_CURVE('',#522,#1326,#2358,.T.);
#2358 = LINE('',#2359,#2360);
#2359 = CARTESIAN_POINT('',(117.2972,-82.264,-4.6E-02));
#2360 = VECTOR('',#2361,1.);
#2361 = DIRECTION('',(0.,0.,1.));
#2362 = ORIENTED_EDGE('',*,*,#1325,.F.);
#2363 = ORIENTED_EDGE('',*,*,#2357,.F.);
#2364 = CYLINDRICAL_SURFACE('',#2365,2.);
#2365 = AXIS2_PLACEMENT_3D('',#2366,#2367,#2368);
#2366 = CARTESIAN_POINT('',(117.2972,-80.264,-4.6E-02));
#2367 = DIRECTION('',(-0.,-0.,-1.));
#2368 = DIRECTION('',(-0.,-1.,0.));
#2369 = ADVANCED_FACE('',(#2370),#2381,.F.);
#2370 = FACE_BOUND('',#2371,.T.);
#2371 = EDGE_LOOP('',(#2372,#2373,#2379,#2380));
#2372 = ORIENTED_EDGE('',*,*,#532,.T.);
#2373 = ORIENTED_EDGE('',*,*,#2374,.T.);
#2374 = EDGE_CURVE('',#533,#1337,#2375,.T.);
#2375 = LINE('',#2376,#2377);
#2376 = CARTESIAN_POINT('',(122.3772,-81.114,-4.6E-02));
#2377 = VECTOR('',#2378,1.);
#2378 = DIRECTION('',(0.,0.,1.));
#2379 = ORIENTED_EDGE('',*,*,#1336,.F.);
#2380 = ORIENTED_EDGE('',*,*,#2374,.F.);
#2381 = CYLINDRICAL_SURFACE('',#2382,0.85);
#2382 = AXIS2_PLACEMENT_3D('',#2383,#2384,#2385);
#2383 = CARTESIAN_POINT('',(122.3772,-80.264,-4.6E-02));
#2384 = DIRECTION('',(-0.,0.,-1.));
#2385 = DIRECTION('',(1.671865260612E-14,-1.,-0.));
#2386 = ADVANCED_FACE('',(#2387),#2398,.F.);
#2387 = FACE_BOUND('',#2388,.T.);
#2388 = EDGE_LOOP('',(#2389,#2390,#2396,#2397));
#2389 = ORIENTED_EDGE('',*,*,#543,.T.);
#2390 = ORIENTED_EDGE('',*,*,#2391,.T.);
#2391 = EDGE_CURVE('',#544,#1348,#2392,.T.);
#2392 = LINE('',#2393,#2394);
#2393 = CARTESIAN_POINT('',(119.8372,-75.934,-4.6E-02));
#2394 = VECTOR('',#2395,1.);
#2395 = DIRECTION('',(0.,0.,1.));
#2396 = ORIENTED_EDGE('',*,*,#1347,.F.);
#2397 = ORIENTED_EDGE('',*,*,#2391,.F.);
#2398 = CYLINDRICAL_SURFACE('',#2399,0.75);
#2399 = AXIS2_PLACEMENT_3D('',#2400,#2401,#2402);
#2400 = CARTESIAN_POINT('',(119.8372,-75.184,-4.6E-02));
#2401 = DIRECTION('',(-0.,-0.,-1.));
#2402 = DIRECTION('',(-0.,-1.,0.));
#2403 = ADVANCED_FACE('',(#2404),#2415,.F.);
#2404 = FACE_BOUND('',#2405,.T.);
#2405 = EDGE_LOOP('',(#2406,#2407,#2413,#2414));
#2406 = ORIENTED_EDGE('',*,*,#554,.T.);
#2407 = ORIENTED_EDGE('',*,*,#2408,.T.);
#2408 = EDGE_CURVE('',#555,#1359,#2409,.T.);
#2409 = LINE('',#2410,#2411);
#2410 = CARTESIAN_POINT('',(131.355,-81.151,-4.6E-02));
#2411 = VECTOR('',#2412,1.);
#2412 = DIRECTION('',(0.,0.,1.));
#2413 = ORIENTED_EDGE('',*,*,#1358,.F.);
#2414 = ORIENTED_EDGE('',*,*,#2408,.F.);
#2415 = CYLINDRICAL_SURFACE('',#2416,0.85);
#2416 = AXIS2_PLACEMENT_3D('',#2417,#2418,#2419);
#2417 = CARTESIAN_POINT('',(131.355,-80.301,-4.6E-02));
#2418 = DIRECTION('',(-0.,-0.,-1.));
#2419 = DIRECTION('',(-3.343730521224E-14,-1.,0.));
#2420 = ADVANCED_FACE('',(#2421),#2432,.F.);
#2421 = FACE_BOUND('',#2422,.T.);
#2422 = EDGE_LOOP('',(#2423,#2424,#2430,#2431));
#2423 = ORIENTED_EDGE('',*,*,#565,.T.);
#2424 = ORIENTED_EDGE('',*,*,#2425,.T.);
#2425 = EDGE_CURVE('',#566,#1370,#2426,.T.);
#2426 = LINE('',#2427,#2428);
#2427 = CARTESIAN_POINT('',(132.625,-78.511,-4.6E-02));
#2428 = VECTOR('',#2429,1.);
#2429 = DIRECTION('',(0.,0.,1.));
#2430 = ORIENTED_EDGE('',*,*,#1369,.F.);
#2431 = ORIENTED_EDGE('',*,*,#2425,.F.);
#2432 = CYLINDRICAL_SURFACE('',#2433,0.75);
#2433 = AXIS2_PLACEMENT_3D('',#2434,#2435,#2436);
#2434 = CARTESIAN_POINT('',(132.625,-77.761,-4.6E-02));
#2435 = DIRECTION('',(-0.,-0.,-1.));
#2436 = DIRECTION('',(-0.,-1.,0.));
#2437 = ADVANCED_FACE('',(#2438),#2449,.F.);
#2438 = FACE_BOUND('',#2439,.T.);
#2439 = EDGE_LOOP('',(#2440,#2441,#2447,#2448));
#2440 = ORIENTED_EDGE('',*,*,#576,.T.);
#2441 = ORIENTED_EDGE('',*,*,#2442,.T.);
#2442 = EDGE_CURVE('',#577,#1381,#2443,.T.);
#2443 = LINE('',#2444,#2445);
#2444 = CARTESIAN_POINT('',(136.435,-82.301,-4.6E-02));
#2445 = VECTOR('',#2446,1.);
#2446 = DIRECTION('',(0.,0.,1.));
#2447 = ORIENTED_EDGE('',*,*,#1380,.F.);
#2448 = ORIENTED_EDGE('',*,*,#2442,.F.);
#2449 = CYLINDRICAL_SURFACE('',#2450,2.);
#2450 = AXIS2_PLACEMENT_3D('',#2451,#2452,#2453);
#2451 = CARTESIAN_POINT('',(136.435,-80.301,-4.6E-02));
#2452 = DIRECTION('',(-0.,-0.,-1.));
#2453 = DIRECTION('',(-0.,-1.,0.));
#2454 = ADVANCED_FACE('',(#2455),#2466,.F.);
#2455 = FACE_BOUND('',#2456,.T.);
#2456 = EDGE_LOOP('',(#2457,#2458,#2464,#2465));
#2457 = ORIENTED_EDGE('',*,*,#587,.T.);
#2458 = ORIENTED_EDGE('',*,*,#2459,.T.);
#2459 = EDGE_CURVE('',#588,#1392,#2460,.T.);
#2460 = LINE('',#2461,#2462);
#2461 = CARTESIAN_POINT('',(141.515,-81.151,-4.6E-02));
#2462 = VECTOR('',#2463,1.);
#2463 = DIRECTION('',(0.,0.,1.));
#2464 = ORIENTED_EDGE('',*,*,#1391,.F.);
#2465 = ORIENTED_EDGE('',*,*,#2459,.F.);
#2466 = CYLINDRICAL_SURFACE('',#2467,0.85);
#2467 = AXIS2_PLACEMENT_3D('',#2468,#2469,#2470);
#2468 = CARTESIAN_POINT('',(141.515,-80.301,-4.6E-02));
#2469 = DIRECTION('',(-0.,-0.,-1.));
#2470 = DIRECTION('',(-0.,-1.,0.));
#2471 = ADVANCED_FACE('',(#2472),#2483,.F.);
#2472 = FACE_BOUND('',#2473,.T.);
#2473 = EDGE_LOOP('',(#2474,#2475,#2481,#2482));
#2474 = ORIENTED_EDGE('',*,*,#598,.T.);
#2475 = ORIENTED_EDGE('',*,*,#2476,.T.);
#2476 = EDGE_CURVE('',#599,#1403,#2477,.T.);
#2477 = LINE('',#2478,#2479);
#2478 = CARTESIAN_POINT('',(138.975,-75.971,-4.6E-02));
#2479 = VECTOR('',#2480,1.);
#2480 = DIRECTION('',(0.,0.,1.));
#2481 = ORIENTED_EDGE('',*,*,#1402,.F.);
#2482 = ORIENTED_EDGE('',*,*,#2476,.F.);
#2483 = CYLINDRICAL_SURFACE('',#2484,0.75);
#2484 = AXIS2_PLACEMENT_3D('',#2485,#2486,#2487);
#2485 = CARTESIAN_POINT('',(138.975,-75.221,-4.6E-02));
#2486 = DIRECTION('',(-0.,-0.,-1.));
#2487 = DIRECTION('',(-0.,-1.,0.));
#2488 = ADVANCED_FACE('',(#2489),#2500,.F.);
#2489 = FACE_BOUND('',#2490,.T.);
#2490 = EDGE_LOOP('',(#2491,#2492,#2498,#2499));
#2491 = ORIENTED_EDGE('',*,*,#609,.T.);
#2492 = ORIENTED_EDGE('',*,*,#2493,.T.);
#2493 = EDGE_CURVE('',#610,#1414,#2494,.T.);
#2494 = LINE('',#2495,#2496);
#2495 = CARTESIAN_POINT('',(150.368,-81.1648,-4.6E-02));
#2496 = VECTOR('',#2497,1.);
#2497 = DIRECTION('',(0.,0.,1.));
#2498 = ORIENTED_EDGE('',*,*,#1413,.F.);
#2499 = ORIENTED_EDGE('',*,*,#2493,.F.);
#2500 = CYLINDRICAL_SURFACE('',#2501,0.85);
#2501 = AXIS2_PLACEMENT_3D('',#2502,#2503,#2504);
#2502 = CARTESIAN_POINT('',(150.368,-80.3148,-4.6E-02));
#2503 = DIRECTION('',(-0.,-0.,-1.));
#2504 = DIRECTION('',(-0.,-1.,0.));
#2505 = ADVANCED_FACE('',(#2506),#2517,.F.);
#2506 = FACE_BOUND('',#2507,.T.);
#2507 = EDGE_LOOP('',(#2508,#2509,#2515,#2516));
#2508 = ORIENTED_EDGE('',*,*,#620,.T.);
#2509 = ORIENTED_EDGE('',*,*,#2510,.T.);
#2510 = EDGE_CURVE('',#621,#1425,#2511,.T.);
#2511 = LINE('',#2512,#2513);
#2512 = CARTESIAN_POINT('',(155.448,-82.3148,-4.6E-02));
#2513 = VECTOR('',#2514,1.);
#2514 = DIRECTION('',(0.,0.,1.));
#2515 = ORIENTED_EDGE('',*,*,#1424,.F.);
#2516 = ORIENTED_EDGE('',*,*,#2510,.F.);
#2517 = CYLINDRICAL_SURFACE('',#2518,2.);
#2518 = AXIS2_PLACEMENT_3D('',#2519,#2520,#2521);
#2519 = CARTESIAN_POINT('',(155.448,-80.3148,-4.6E-02));
#2520 = DIRECTION('',(-0.,-0.,-1.));
#2521 = DIRECTION('',(-0.,-1.,0.));
#2522 = ADVANCED_FACE('',(#2523),#2534,.F.);
#2523 = FACE_BOUND('',#2524,.T.);
#2524 = EDGE_LOOP('',(#2525,#2526,#2532,#2533));
#2525 = ORIENTED_EDGE('',*,*,#631,.T.);
#2526 = ORIENTED_EDGE('',*,*,#2527,.T.);
#2527 = EDGE_CURVE('',#632,#1436,#2528,.T.);
#2528 = LINE('',#2529,#2530);
#2529 = CARTESIAN_POINT('',(151.638,-78.5248,-4.6E-02));
#2530 = VECTOR('',#2531,1.);
#2531 = DIRECTION('',(0.,0.,1.));
#2532 = ORIENTED_EDGE('',*,*,#1435,.F.);
#2533 = ORIENTED_EDGE('',*,*,#2527,.F.);
#2534 = CYLINDRICAL_SURFACE('',#2535,0.75);
#2535 = AXIS2_PLACEMENT_3D('',#2536,#2537,#2538);
#2536 = CARTESIAN_POINT('',(151.638,-77.7748,-4.6E-02));
#2537 = DIRECTION('',(-0.,-0.,-1.));
#2538 = DIRECTION('',(-0.,-1.,0.));
#2539 = ADVANCED_FACE('',(#2540),#2551,.F.);
#2540 = FACE_BOUND('',#2541,.T.);
#2541 = EDGE_LOOP('',(#2542,#2543,#2549,#2550));
#2542 = ORIENTED_EDGE('',*,*,#642,.T.);
#2543 = ORIENTED_EDGE('',*,*,#2544,.T.);
#2544 = EDGE_CURVE('',#643,#1447,#2545,.T.);
#2545 = LINE('',#2546,#2547);
#2546 = CARTESIAN_POINT('',(112.1664,-62.064,-4.6E-02));
#2547 = VECTOR('',#2548,1.);
#2548 = DIRECTION('',(0.,0.,1.));
#2549 = ORIENTED_EDGE('',*,*,#1446,.F.);
#2550 = ORIENTED_EDGE('',*,*,#2544,.F.);
#2551 = CYLINDRICAL_SURFACE('',#2552,0.85);
#2552 = AXIS2_PLACEMENT_3D('',#2553,#2554,#2555);
#2553 = CARTESIAN_POINT('',(112.1664,-61.214,-4.6E-02));
#2554 = DIRECTION('',(-0.,-0.,-1.));
#2555 = DIRECTION('',(-1.671865260612E-14,-1.,0.));
#2556 = ADVANCED_FACE('',(#2557),#2568,.F.);
#2557 = FACE_BOUND('',#2558,.T.);
#2558 = EDGE_LOOP('',(#2559,#2560,#2566,#2567));
#2559 = ORIENTED_EDGE('',*,*,#653,.T.);
#2560 = ORIENTED_EDGE('',*,*,#2561,.T.);
#2561 = EDGE_CURVE('',#654,#1458,#2562,.T.);
#2562 = LINE('',#2563,#2564);
#2563 = CARTESIAN_POINT('',(113.4364,-59.424,-4.6E-02));
#2564 = VECTOR('',#2565,1.);
#2565 = DIRECTION('',(0.,0.,1.));
#2566 = ORIENTED_EDGE('',*,*,#1457,.F.);
#2567 = ORIENTED_EDGE('',*,*,#2561,.F.);
#2568 = CYLINDRICAL_SURFACE('',#2569,0.75);
#2569 = AXIS2_PLACEMENT_3D('',#2570,#2571,#2572);
#2570 = CARTESIAN_POINT('',(113.4364,-58.674,-4.6E-02));
#2571 = DIRECTION('',(-0.,-0.,-1.));
#2572 = DIRECTION('',(-0.,-1.,0.));
#2573 = ADVANCED_FACE('',(#2574),#2585,.F.);
#2574 = FACE_BOUND('',#2575,.T.);
#2575 = EDGE_LOOP('',(#2576,#2577,#2583,#2584));
#2576 = ORIENTED_EDGE('',*,*,#664,.T.);
#2577 = ORIENTED_EDGE('',*,*,#2578,.T.);
#2578 = EDGE_CURVE('',#665,#1469,#2579,.T.);
#2579 = LINE('',#2580,#2581);
#2580 = CARTESIAN_POINT('',(117.2464,-63.214,-4.6E-02));
#2581 = VECTOR('',#2582,1.);
#2582 = DIRECTION('',(0.,0.,1.));
#2583 = ORIENTED_EDGE('',*,*,#1468,.F.);
#2584 = ORIENTED_EDGE('',*,*,#2578,.F.);
#2585 = CYLINDRICAL_SURFACE('',#2586,2.);
#2586 = AXIS2_PLACEMENT_3D('',#2587,#2588,#2589);
#2587 = CARTESIAN_POINT('',(117.2464,-61.214,-4.6E-02));
#2588 = DIRECTION('',(-0.,-0.,-1.));
#2589 = DIRECTION('',(-0.,-1.,0.));
#2590 = ADVANCED_FACE('',(#2591),#2602,.F.);
#2591 = FACE_BOUND('',#2592,.T.);
#2592 = EDGE_LOOP('',(#2593,#2594,#2600,#2601));
#2593 = ORIENTED_EDGE('',*,*,#675,.T.);
#2594 = ORIENTED_EDGE('',*,*,#2595,.T.);
#2595 = EDGE_CURVE('',#676,#1480,#2596,.T.);
#2596 = LINE('',#2597,#2598);
#2597 = CARTESIAN_POINT('',(122.3264,-62.064,-4.6E-02));
#2598 = VECTOR('',#2599,1.);
#2599 = DIRECTION('',(0.,0.,1.));
#2600 = ORIENTED_EDGE('',*,*,#1479,.F.);
#2601 = ORIENTED_EDGE('',*,*,#2595,.F.);
#2602 = CYLINDRICAL_SURFACE('',#2603,0.85);
#2603 = AXIS2_PLACEMENT_3D('',#2604,#2605,#2606);
#2604 = CARTESIAN_POINT('',(122.3264,-61.214,-4.6E-02));
#2605 = DIRECTION('',(-0.,-0.,-1.));
#2606 = DIRECTION('',(-0.,-1.,0.));
#2607 = ADVANCED_FACE('',(#2608),#2619,.F.);
#2608 = FACE_BOUND('',#2609,.T.);
#2609 = EDGE_LOOP('',(#2610,#2611,#2617,#2618));
#2610 = ORIENTED_EDGE('',*,*,#686,.T.);
#2611 = ORIENTED_EDGE('',*,*,#2612,.T.);
#2612 = EDGE_CURVE('',#687,#1491,#2613,.T.);
#2613 = LINE('',#2614,#2615);
#2614 = CARTESIAN_POINT('',(119.7864,-56.884,-4.6E-02));
#2615 = VECTOR('',#2616,1.);
#2616 = DIRECTION('',(0.,0.,1.));
#2617 = ORIENTED_EDGE('',*,*,#1490,.F.);
#2618 = ORIENTED_EDGE('',*,*,#2612,.F.);
#2619 = CYLINDRICAL_SURFACE('',#2620,0.75);
#2620 = AXIS2_PLACEMENT_3D('',#2621,#2622,#2623);
#2621 = CARTESIAN_POINT('',(119.7864,-56.134,-4.6E-02));
#2622 = DIRECTION('',(-0.,-0.,-1.));
#2623 = DIRECTION('',(-0.,-1.,0.));
#2624 = ADVANCED_FACE('',(#2625),#2636,.F.);
#2625 = FACE_BOUND('',#2626,.T.);
#2626 = EDGE_LOOP('',(#2627,#2628,#2634,#2635));
#2627 = ORIENTED_EDGE('',*,*,#697,.T.);
#2628 = ORIENTED_EDGE('',*,*,#2629,.T.);
#2629 = EDGE_CURVE('',#698,#1502,#2630,.T.);
#2630 = LINE('',#2631,#2632);
#2631 = CARTESIAN_POINT('',(131.2624,-62.064,-4.6E-02));
#2632 = VECTOR('',#2633,1.);
#2633 = DIRECTION('',(0.,0.,1.));
#2634 = ORIENTED_EDGE('',*,*,#1501,.F.);
#2635 = ORIENTED_EDGE('',*,*,#2629,.F.);
#2636 = CYLINDRICAL_SURFACE('',#2637,0.85);
#2637 = AXIS2_PLACEMENT_3D('',#2638,#2639,#2640);
#2638 = CARTESIAN_POINT('',(131.2624,-61.214,-4.6E-02));
#2639 = DIRECTION('',(-0.,-0.,-1.));
#2640 = DIRECTION('',(-0.,-1.,0.));
#2641 = ADVANCED_FACE('',(#2642),#2653,.F.);
#2642 = FACE_BOUND('',#2643,.T.);
#2643 = EDGE_LOOP('',(#2644,#2645,#2651,#2652));
#2644 = ORIENTED_EDGE('',*,*,#708,.T.);
#2645 = ORIENTED_EDGE('',*,*,#2646,.T.);
#2646 = EDGE_CURVE('',#709,#1513,#2647,.T.);
#2647 = LINE('',#2648,#2649);
#2648 = CARTESIAN_POINT('',(132.5324,-59.424,-4.6E-02));
#2649 = VECTOR('',#2650,1.);
#2650 = DIRECTION('',(0.,0.,1.));
#2651 = ORIENTED_EDGE('',*,*,#1512,.F.);
#2652 = ORIENTED_EDGE('',*,*,#2646,.F.);
#2653 = CYLINDRICAL_SURFACE('',#2654,0.75);
#2654 = AXIS2_PLACEMENT_3D('',#2655,#2656,#2657);
#2655 = CARTESIAN_POINT('',(132.5324,-58.674,-4.6E-02));
#2656 = DIRECTION('',(-0.,-0.,-1.));
#2657 = DIRECTION('',(-0.,-1.,0.));
#2658 = ADVANCED_FACE('',(#2659),#2670,.F.);
#2659 = FACE_BOUND('',#2660,.T.);
#2660 = EDGE_LOOP('',(#2661,#2662,#2668,#2669));
#2661 = ORIENTED_EDGE('',*,*,#719,.T.);
#2662 = ORIENTED_EDGE('',*,*,#2663,.T.);
#2663 = EDGE_CURVE('',#720,#1524,#2664,.T.);
#2664 = LINE('',#2665,#2666);
#2665 = CARTESIAN_POINT('',(136.3424,-63.214,-4.6E-02));
#2666 = VECTOR('',#2667,1.);
#2667 = DIRECTION('',(0.,0.,1.));
#2668 = ORIENTED_EDGE('',*,*,#1523,.F.);
#2669 = ORIENTED_EDGE('',*,*,#2663,.F.);
#2670 = CYLINDRICAL_SURFACE('',#2671,2.);
#2671 = AXIS2_PLACEMENT_3D('',#2672,#2673,#2674);
#2672 = CARTESIAN_POINT('',(136.3424,-61.214,-4.6E-02));
#2673 = DIRECTION('',(-0.,-0.,-1.));
#2674 = DIRECTION('',(-0.,-1.,0.));
#2675 = ADVANCED_FACE('',(#2676),#2687,.F.);
#2676 = FACE_BOUND('',#2677,.T.);
#2677 = EDGE_LOOP('',(#2678,#2679,#2685,#2686));
#2678 = ORIENTED_EDGE('',*,*,#730,.T.);
#2679 = ORIENTED_EDGE('',*,*,#2680,.T.);
#2680 = EDGE_CURVE('',#731,#1535,#2681,.T.);
#2681 = LINE('',#2682,#2683);
#2682 = CARTESIAN_POINT('',(141.4224,-62.064,-4.6E-02));
#2683 = VECTOR('',#2684,1.);
#2684 = DIRECTION('',(0.,0.,1.));
#2685 = ORIENTED_EDGE('',*,*,#1534,.F.);
#2686 = ORIENTED_EDGE('',*,*,#2680,.F.);
#2687 = CYLINDRICAL_SURFACE('',#2688,0.85);
#2688 = AXIS2_PLACEMENT_3D('',#2689,#2690,#2691);
#2689 = CARTESIAN_POINT('',(141.4224,-61.214,-4.6E-02));
#2690 = DIRECTION('',(-0.,0.,-1.));
#2691 = DIRECTION('',(3.343730521224E-14,-1.,-0.));
#2692 = ADVANCED_FACE('',(#2693),#2704,.F.);
#2693 = FACE_BOUND('',#2694,.T.);
#2694 = EDGE_LOOP('',(#2695,#2696,#2702,#2703));
#2695 = ORIENTED_EDGE('',*,*,#741,.T.);
#2696 = ORIENTED_EDGE('',*,*,#2697,.T.);
#2697 = EDGE_CURVE('',#742,#1546,#2698,.T.);
#2698 = LINE('',#2699,#2700);
#2699 = CARTESIAN_POINT('',(138.8824,-56.884,-4.6E-02));
#2700 = VECTOR('',#2701,1.);
#2701 = DIRECTION('',(0.,0.,1.));
#2702 = ORIENTED_EDGE('',*,*,#1545,.F.);
#2703 = ORIENTED_EDGE('',*,*,#2697,.F.);
#2704 = CYLINDRICAL_SURFACE('',#2705,0.75);
#2705 = AXIS2_PLACEMENT_3D('',#2706,#2707,#2708);
#2706 = CARTESIAN_POINT('',(138.8824,-56.134,-4.6E-02));
#2707 = DIRECTION('',(-0.,-0.,-1.));
#2708 = DIRECTION('',(-0.,-1.,0.));
#2709 = ADVANCED_FACE('',(#2710),#2721,.F.);
#2710 = FACE_BOUND('',#2711,.T.);
#2711 = EDGE_LOOP('',(#2712,#2713,#2719,#2720));
#2712 = ORIENTED_EDGE('',*,*,#752,.T.);
#2713 = ORIENTED_EDGE('',*,*,#2714,.T.);
#2714 = EDGE_CURVE('',#753,#1557,#2715,.T.);
#2715 = LINE('',#2716,#2717);
#2716 = CARTESIAN_POINT('',(150.3172,-62.0132,-4.6E-02));
#2717 = VECTOR('',#2718,1.);
#2718 = DIRECTION('',(0.,0.,1.));
#2719 = ORIENTED_EDGE('',*,*,#1556,.F.);
#2720 = ORIENTED_EDGE('',*,*,#2714,.F.);
#2721 = CYLINDRICAL_SURFACE('',#2722,0.85);
#2722 = AXIS2_PLACEMENT_3D('',#2723,#2724,#2725);
#2723 = CARTESIAN_POINT('',(150.3172,-61.1632,-4.6E-02));
#2724 = DIRECTION('',(-0.,-0.,-1.));
#2725 = DIRECTION('',(-0.,-1.,0.));
#2726 = ADVANCED_FACE('',(#2727),#2738,.F.);
#2727 = FACE_BOUND('',#2728,.T.);
#2728 = EDGE_LOOP('',(#2729,#2730,#2736,#2737));
#2729 = ORIENTED_EDGE('',*,*,#763,.T.);
#2730 = ORIENTED_EDGE('',*,*,#2731,.T.);
#2731 = EDGE_CURVE('',#764,#1568,#2732,.T.);
#2732 = LINE('',#2733,#2734);
#2733 = CARTESIAN_POINT('',(155.3972,-63.1632,-4.6E-02));
#2734 = VECTOR('',#2735,1.);
#2735 = DIRECTION('',(0.,0.,1.));
#2736 = ORIENTED_EDGE('',*,*,#1567,.F.);
#2737 = ORIENTED_EDGE('',*,*,#2731,.F.);
#2738 = CYLINDRICAL_SURFACE('',#2739,2.);
#2739 = AXIS2_PLACEMENT_3D('',#2740,#2741,#2742);
#2740 = CARTESIAN_POINT('',(155.3972,-61.1632,-4.6E-02));
#2741 = DIRECTION('',(-0.,-0.,-1.));
#2742 = DIRECTION('',(-0.,-1.,0.));
#2743 = ADVANCED_FACE('',(#2744),#2755,.F.);
#2744 = FACE_BOUND('',#2745,.T.);
#2745 = EDGE_LOOP('',(#2746,#2747,#2753,#2754));
#2746 = ORIENTED_EDGE('',*,*,#774,.T.);
#2747 = ORIENTED_EDGE('',*,*,#2748,.T.);
#2748 = EDGE_CURVE('',#775,#1579,#2749,.T.);
#2749 = LINE('',#2750,#2751);
#2750 = CARTESIAN_POINT('',(151.5872,-59.3732,-4.6E-02));
#2751 = VECTOR('',#2752,1.);
#2752 = DIRECTION('',(0.,0.,1.));
#2753 = ORIENTED_EDGE('',*,*,#1578,.F.);
#2754 = ORIENTED_EDGE('',*,*,#2748,.F.);
#2755 = CYLINDRICAL_SURFACE('',#2756,0.75);
#2756 = AXIS2_PLACEMENT_3D('',#2757,#2758,#2759);
#2757 = CARTESIAN_POINT('',(151.5872,-58.6232,-4.6E-02));
#2758 = DIRECTION('',(-0.,-0.,-1.));
#2759 = DIRECTION('',(-0.,-1.,0.));
#2760 = ADVANCED_FACE('',(#2761),#2772,.F.);
#2761 = FACE_BOUND('',#2762,.T.);
#2762 = EDGE_LOOP('',(#2763,#2764,#2770,#2771));
#2763 = ORIENTED_EDGE('',*,*,#785,.T.);
#2764 = ORIENTED_EDGE('',*,*,#2765,.T.);
#2765 = EDGE_CURVE('',#786,#1590,#2766,.T.);
#2766 = LINE('',#2767,#2768);
#2767 = CARTESIAN_POINT('',(160.528,-81.1648,-4.6E-02));
#2768 = VECTOR('',#2769,1.);
#2769 = DIRECTION('',(0.,0.,1.));
#2770 = ORIENTED_EDGE('',*,*,#1589,.F.);
#2771 = ORIENTED_EDGE('',*,*,#2765,.F.);
#2772 = CYLINDRICAL_SURFACE('',#2773,0.85);
#2773 = AXIS2_PLACEMENT_3D('',#2774,#2775,#2776);
#2774 = CARTESIAN_POINT('',(160.528,-80.3148,-4.6E-02));
#2775 = DIRECTION('',(-0.,-0.,-1.));
#2776 = DIRECTION('',(-0.,-1.,0.));
#2777 = ADVANCED_FACE('',(#2778),#2789,.F.);
#2778 = FACE_BOUND('',#2779,.T.);
#2779 = EDGE_LOOP('',(#2780,#2781,#2787,#2788));
#2780 = ORIENTED_EDGE('',*,*,#796,.T.);
#2781 = ORIENTED_EDGE('',*,*,#2782,.T.);
#2782 = EDGE_CURVE('',#797,#1601,#2783,.T.);
#2783 = LINE('',#2784,#2785);
#2784 = CARTESIAN_POINT('',(157.988,-75.9848,-4.6E-02));
#2785 = VECTOR('',#2786,1.);
#2786 = DIRECTION('',(0.,0.,1.));
#2787 = ORIENTED_EDGE('',*,*,#1600,.F.);
#2788 = ORIENTED_EDGE('',*,*,#2782,.F.);
#2789 = CYLINDRICAL_SURFACE('',#2790,0.75);
#2790 = AXIS2_PLACEMENT_3D('',#2791,#2792,#2793);
#2791 = CARTESIAN_POINT('',(157.988,-75.2348,-4.6E-02));
#2792 = DIRECTION('',(-0.,-0.,-1.));
#2793 = DIRECTION('',(-0.,-1.,0.));
#2794 = ADVANCED_FACE('',(#2795),#2806,.F.);
#2795 = FACE_BOUND('',#2796,.T.);
#2796 = EDGE_LOOP('',(#2797,#2798,#2804,#2805));
#2797 = ORIENTED_EDGE('',*,*,#807,.T.);
#2798 = ORIENTED_EDGE('',*,*,#2799,.T.);
#2799 = EDGE_CURVE('',#808,#1612,#2800,.T.);
#2800 = LINE('',#2801,#2802);
#2801 = CARTESIAN_POINT('',(169.5704,-81.114,-4.6E-02));
#2802 = VECTOR('',#2803,1.);
#2803 = DIRECTION('',(0.,0.,1.));
#2804 = ORIENTED_EDGE('',*,*,#1611,.F.);
#2805 = ORIENTED_EDGE('',*,*,#2799,.F.);
#2806 = CYLINDRICAL_SURFACE('',#2807,0.85);
#2807 = AXIS2_PLACEMENT_3D('',#2808,#2809,#2810);
#2808 = CARTESIAN_POINT('',(169.5704,-80.264,-4.6E-02));
#2809 = DIRECTION('',(-0.,-0.,-1.));
#2810 = DIRECTION('',(-0.,-1.,0.));
#2811 = ADVANCED_FACE('',(#2812),#2823,.F.);
#2812 = FACE_BOUND('',#2813,.T.);
#2813 = EDGE_LOOP('',(#2814,#2815,#2821,#2822));
#2814 = ORIENTED_EDGE('',*,*,#818,.T.);
#2815 = ORIENTED_EDGE('',*,*,#2816,.T.);
#2816 = EDGE_CURVE('',#819,#1623,#2817,.T.);
#2817 = LINE('',#2818,#2819);
#2818 = CARTESIAN_POINT('',(170.8404,-78.474,-4.6E-02));
#2819 = VECTOR('',#2820,1.);
#2820 = DIRECTION('',(0.,0.,1.));
#2821 = ORIENTED_EDGE('',*,*,#1622,.F.);
#2822 = ORIENTED_EDGE('',*,*,#2816,.F.);
#2823 = CYLINDRICAL_SURFACE('',#2824,0.75);
#2824 = AXIS2_PLACEMENT_3D('',#2825,#2826,#2827);
#2825 = CARTESIAN_POINT('',(170.8404,-77.724,-4.6E-02));
#2826 = DIRECTION('',(-0.,-0.,-1.));
#2827 = DIRECTION('',(-0.,-1.,0.));
#2828 = ADVANCED_FACE('',(#2829),#2840,.F.);
#2829 = FACE_BOUND('',#2830,.T.);
#2830 = EDGE_LOOP('',(#2831,#2832,#2838,#2839));
#2831 = ORIENTED_EDGE('',*,*,#829,.T.);
#2832 = ORIENTED_EDGE('',*,*,#2833,.T.);
#2833 = EDGE_CURVE('',#830,#1634,#2834,.T.);
#2834 = LINE('',#2835,#2836);
#2835 = CARTESIAN_POINT('',(174.6504,-82.264,-4.6E-02));
#2836 = VECTOR('',#2837,1.);
#2837 = DIRECTION('',(0.,0.,1.));
#2838 = ORIENTED_EDGE('',*,*,#1633,.F.);
#2839 = ORIENTED_EDGE('',*,*,#2833,.F.);
#2840 = CYLINDRICAL_SURFACE('',#2841,2.);
#2841 = AXIS2_PLACEMENT_3D('',#2842,#2843,#2844);
#2842 = CARTESIAN_POINT('',(174.6504,-80.264,-4.6E-02));
#2843 = DIRECTION('',(-0.,-0.,-1.));
#2844 = DIRECTION('',(-0.,-1.,0.));
#2845 = ADVANCED_FACE('',(#2846),#2857,.F.);
#2846 = FACE_BOUND('',#2847,.T.);
#2847 = EDGE_LOOP('',(#2848,#2849,#2855,#2856));
#2848 = ORIENTED_EDGE('',*,*,#840,.T.);
#2849 = ORIENTED_EDGE('',*,*,#2850,.T.);
#2850 = EDGE_CURVE('',#841,#1645,#2851,.T.);
#2851 = LINE('',#2852,#2853);
#2852 = CARTESIAN_POINT('',(177.1904,-75.934,-4.6E-02));
#2853 = VECTOR('',#2854,1.);
#2854 = DIRECTION('',(0.,0.,1.));
#2855 = ORIENTED_EDGE('',*,*,#1644,.F.);
#2856 = ORIENTED_EDGE('',*,*,#2850,.F.);
#2857 = CYLINDRICAL_SURFACE('',#2858,0.75);
#2858 = AXIS2_PLACEMENT_3D('',#2859,#2860,#2861);
#2859 = CARTESIAN_POINT('',(177.1904,-75.184,-4.6E-02));
#2860 = DIRECTION('',(-0.,-0.,-1.));
#2861 = DIRECTION('',(-0.,-1.,0.));
#2862 = ADVANCED_FACE('',(#2863),#2874,.F.);
#2863 = FACE_BOUND('',#2864,.T.);
#2864 = EDGE_LOOP('',(#2865,#2866,#2872,#2873));
#2865 = ORIENTED_EDGE('',*,*,#851,.T.);
#2866 = ORIENTED_EDGE('',*,*,#2867,.T.);
#2867 = EDGE_CURVE('',#852,#1656,#2868,.T.);
#2868 = LINE('',#2869,#2870);
#2869 = CARTESIAN_POINT('',(179.7304,-81.114,-4.6E-02));
#2870 = VECTOR('',#2871,1.);
#2871 = DIRECTION('',(0.,0.,1.));
#2872 = ORIENTED_EDGE('',*,*,#1655,.F.);
#2873 = ORIENTED_EDGE('',*,*,#2867,.F.);
#2874 = CYLINDRICAL_SURFACE('',#2875,0.85);
#2875 = AXIS2_PLACEMENT_3D('',#2876,#2877,#2878);
#2876 = CARTESIAN_POINT('',(179.7304,-80.264,-4.6E-02));
#2877 = DIRECTION('',(-0.,-0.,-1.));
#2878 = DIRECTION('',(-0.,-1.,0.));
#2879 = ADVANCED_FACE('',(#2880),#2891,.F.);
#2880 = FACE_BOUND('',#2881,.T.);
#2881 = EDGE_LOOP('',(#2882,#2883,#2889,#2890));
#2882 = ORIENTED_EDGE('',*,*,#862,.T.);
#2883 = ORIENTED_EDGE('',*,*,#2884,.T.);
#2884 = EDGE_CURVE('',#863,#1667,#2885,.T.);
#2885 = LINE('',#2886,#2887);
#2886 = CARTESIAN_POINT('',(160.4772,-62.0132,-4.6E-02));
#2887 = VECTOR('',#2888,1.);
#2888 = DIRECTION('',(0.,0.,1.));
#2889 = ORIENTED_EDGE('',*,*,#1666,.F.);
#2890 = ORIENTED_EDGE('',*,*,#2884,.F.);
#2891 = CYLINDRICAL_SURFACE('',#2892,0.85);
#2892 = AXIS2_PLACEMENT_3D('',#2893,#2894,#2895);
#2893 = CARTESIAN_POINT('',(160.4772,-61.1632,-4.6E-02));
#2894 = DIRECTION('',(-0.,0.,-1.));
#2895 = DIRECTION('',(3.343730521224E-14,-1.,-0.));
#2896 = ADVANCED_FACE('',(#2897),#2908,.F.);
#2897 = FACE_BOUND('',#2898,.T.);
#2898 = EDGE_LOOP('',(#2899,#2900,#2906,#2907));
#2899 = ORIENTED_EDGE('',*,*,#873,.T.);
#2900 = ORIENTED_EDGE('',*,*,#2901,.T.);
#2901 = EDGE_CURVE('',#874,#1678,#2902,.T.);
#2902 = LINE('',#2903,#2904);
#2903 = CARTESIAN_POINT('',(157.9372,-56.8332,-4.6E-02));
#2904 = VECTOR('',#2905,1.);
#2905 = DIRECTION('',(0.,0.,1.));
#2906 = ORIENTED_EDGE('',*,*,#1677,.F.);
#2907 = ORIENTED_EDGE('',*,*,#2901,.F.);
#2908 = CYLINDRICAL_SURFACE('',#2909,0.75);
#2909 = AXIS2_PLACEMENT_3D('',#2910,#2911,#2912);
#2910 = CARTESIAN_POINT('',(157.9372,-56.0832,-4.6E-02));
#2911 = DIRECTION('',(-0.,-0.,-1.));
#2912 = DIRECTION('',(-0.,-1.,0.));
#2913 = ADVANCED_FACE('',(#2914),#2925,.F.);
#2914 = FACE_BOUND('',#2915,.T.);
#2915 = EDGE_LOOP('',(#2916,#2917,#2923,#2924));
#2916 = ORIENTED_EDGE('',*,*,#884,.T.);
#2917 = ORIENTED_EDGE('',*,*,#2918,.T.);
#2918 = EDGE_CURVE('',#885,#1689,#2919,.T.);
#2919 = LINE('',#2920,#2921);
#2920 = CARTESIAN_POINT('',(169.418,-62.0132,-4.6E-02));
#2921 = VECTOR('',#2922,1.);
#2922 = DIRECTION('',(0.,0.,1.));
#2923 = ORIENTED_EDGE('',*,*,#1688,.F.);
#2924 = ORIENTED_EDGE('',*,*,#2918,.F.);
#2925 = CYLINDRICAL_SURFACE('',#2926,0.85);
#2926 = AXIS2_PLACEMENT_3D('',#2927,#2928,#2929);
#2927 = CARTESIAN_POINT('',(169.418,-61.1632,-4.6E-02));
#2928 = DIRECTION('',(-0.,-0.,-1.));
#2929 = DIRECTION('',(-0.,-1.,0.));
#2930 = ADVANCED_FACE('',(#2931),#2942,.F.);
#2931 = FACE_BOUND('',#2932,.T.);
#2932 = EDGE_LOOP('',(#2933,#2934,#2940,#2941));
#2933 = ORIENTED_EDGE('',*,*,#895,.T.);
#2934 = ORIENTED_EDGE('',*,*,#2935,.T.);
#2935 = EDGE_CURVE('',#896,#1700,#2936,.T.);
#2936 = LINE('',#2937,#2938);
#2937 = CARTESIAN_POINT('',(170.688,-59.3732,-4.6E-02));
#2938 = VECTOR('',#2939,1.);
#2939 = DIRECTION('',(0.,0.,1.));
#2940 = ORIENTED_EDGE('',*,*,#1699,.F.);
#2941 = ORIENTED_EDGE('',*,*,#2935,.F.);
#2942 = CYLINDRICAL_SURFACE('',#2943,0.75);
#2943 = AXIS2_PLACEMENT_3D('',#2944,#2945,#2946);
#2944 = CARTESIAN_POINT('',(170.688,-58.6232,-4.6E-02));
#2945 = DIRECTION('',(-0.,-0.,-1.));
#2946 = DIRECTION('',(-0.,-1.,0.));
#2947 = ADVANCED_FACE('',(#2948),#2959,.F.);
#2948 = FACE_BOUND('',#2949,.T.);
#2949 = EDGE_LOOP('',(#2950,#2951,#2957,#2958));
#2950 = ORIENTED_EDGE('',*,*,#906,.T.);
#2951 = ORIENTED_EDGE('',*,*,#2952,.T.);
#2952 = EDGE_CURVE('',#907,#1711,#2953,.T.);
#2953 = LINE('',#2954,#2955);
#2954 = CARTESIAN_POINT('',(174.498,-63.1632,-4.6E-02));
#2955 = VECTOR('',#2956,1.);
#2956 = DIRECTION('',(0.,0.,1.));
#2957 = ORIENTED_EDGE('',*,*,#1710,.F.);
#2958 = ORIENTED_EDGE('',*,*,#2952,.F.);
#2959 = CYLINDRICAL_SURFACE('',#2960,2.);
#2960 = AXIS2_PLACEMENT_3D('',#2961,#2962,#2963);
#2961 = CARTESIAN_POINT('',(174.498,-61.1632,-4.6E-02));
#2962 = DIRECTION('',(-0.,-0.,-1.));
#2963 = DIRECTION('',(-0.,-1.,0.));
#2964 = ADVANCED_FACE('',(#2965),#2976,.F.);
#2965 = FACE_BOUND('',#2966,.T.);
#2966 = EDGE_LOOP('',(#2967,#2968,#2974,#2975));
#2967 = ORIENTED_EDGE('',*,*,#917,.T.);
#2968 = ORIENTED_EDGE('',*,*,#2969,.T.);
#2969 = EDGE_CURVE('',#918,#1722,#2970,.T.);
#2970 = LINE('',#2971,#2972);
#2971 = CARTESIAN_POINT('',(177.038,-56.8332,-4.6E-02));
#2972 = VECTOR('',#2973,1.);
#2973 = DIRECTION('',(0.,0.,1.));
#2974 = ORIENTED_EDGE('',*,*,#1721,.F.);
#2975 = ORIENTED_EDGE('',*,*,#2969,.F.);
#2976 = CYLINDRICAL_SURFACE('',#2977,0.75);
#2977 = AXIS2_PLACEMENT_3D('',#2978,#2979,#2980);
#2978 = CARTESIAN_POINT('',(177.038,-56.0832,-4.6E-02));
#2979 = DIRECTION('',(-0.,-0.,-1.));
#2980 = DIRECTION('',(-0.,-1.,0.));
#2981 = ADVANCED_FACE('',(#2982),#2993,.F.);
#2982 = FACE_BOUND('',#2983,.T.);
#2983 = EDGE_LOOP('',(#2984,#2985,#2991,#2992));
#2984 = ORIENTED_EDGE('',*,*,#928,.T.);
#2985 = ORIENTED_EDGE('',*,*,#2986,.T.);
#2986 = EDGE_CURVE('',#929,#1733,#2987,.T.);
#2987 = LINE('',#2988,#2989);
#2988 = CARTESIAN_POINT('',(179.578,-62.0132,-4.6E-02));
#2989 = VECTOR('',#2990,1.);
#2990 = DIRECTION('',(0.,0.,1.));
#2991 = ORIENTED_EDGE('',*,*,#1732,.F.);
#2992 = ORIENTED_EDGE('',*,*,#2986,.F.);
#2993 = CYLINDRICAL_SURFACE('',#2994,0.85);
#2994 = AXIS2_PLACEMENT_3D('',#2995,#2996,#2997);
#2995 = CARTESIAN_POINT('',(179.578,-61.1632,-4.6E-02));
#2996 = DIRECTION('',(-0.,-0.,-1.));
#2997 = DIRECTION('',(-0.,-1.,0.));
#2998 = ( GEOMETRIC_REPRESENTATION_CONTEXT(3) 
GLOBAL_UNCERTAINTY_ASSIGNED_CONTEXT((#3002)) 
GLOBAL_UNIT_ASSIGNED_CONTEXT((#2999,#3000,#3001)) REPRESENTATION_CONTEXT
('Context #1','3D Context with UNIT and UNCERTAINTY') );
#2999 = ( LENGTH_UNIT() NAMED_UNIT(*) SI_UNIT(.MILLI.,.METRE.) );
#3000 = ( NAMED_UNIT(*) PLANE_ANGLE_UNIT() SI_UNIT($,.RADIAN.) );
#3001 = ( NAMED_UNIT(*) SI_UNIT($,.STERADIAN.) SOLID_ANGLE_UNIT() );
#3002 = UNCERTAINTY_MEASURE_WITH_UNIT(LENGTH_MEASURE(1.E-07),#2999,
  'distance_accuracy_value','confusion accuracy');
#3003 = CONTEXT_DEPENDENT_SHAPE_REPRESENTATION(#3004,#3006);
#3004 = ( REPRESENTATION_RELATIONSHIP('','',#32,#10) 
REPRESENTATION_RELATIONSHIP_WITH_TRANSFORMATION(#3005) 
SHAPE_REPRESENTATION_RELATIONSHIP() );
#3005 = ITEM_DEFINED_TRANSFORMATION('','',#11,#15);
#3006 = PRODUCT_DEFINITION_SHAPE('Placement','Placement of an item',
  #3007);
#3007 = NEXT_ASSEMBLY_USAGE_OCCURRENCE('1','=>[0:1:1:2]','',#5,#27,$);
#3008 = PRODUCT_RELATED_PRODUCT_CATEGORY('part',$,(#29));
#3009 = MECHANICAL_DESIGN_GEOMETRIC_PRESENTATION_REPRESENTATION('',(
    #3010),#2998);
#3010 = STYLED_ITEM('color',(#3011),#33);
#3011 = PRESENTATION_STYLE_ASSIGNMENT((#3012));
#3012 = SURFACE_STYLE_USAGE(.BOTH.,#3013);
#3013 = SURFACE_SIDE_STYLE('',(#3014));
#3014 = SURFACE_STYLE_FILL_AREA(#3015);
#3015 = FILL_AREA_STYLE('',(#3016));
#3016 = FILL_AREA_STYLE_COLOUR('',#3017);
#3017 = COLOUR_RGB('',0.313304153717,0.484529207832,0.410020903123);
ENDSEC;
END-ISO-10303-21;
